Account Name,Compound,Date,Negative,Neutral,Positive,Text,Tweets Ago
@BBCWorld,0.0,Mar-31-2018 00:38:37,1.0,0.0,0.0,In pictures: The churches of Lalibela in Ethiopia https://t.co/9GlKDomFOo,1
@BBCWorld,0.0,Mar-30-2018 23:56:50,1.0,0.0,0.0,Breaking the period taboo in Pakistan https://t.co/zYqf0Us2fI,2
@BBCWorld,0.0,Mar-30-2018 23:51:49,1.0,0.0,0.0,The men who had millions of lives in their hands https://t.co/bCDHwa18TE,3
@BBCWorld,-0.5719,Mar-30-2018 23:49:19,0.748,0.252,0.0,"Costa Rica polls: 'People hate us, we might move to Spain' https://t.co/Irr88AL04W",4
@BBCWorld,-0.4939,Mar-30-2018 23:29:22,0.686,0.314,0.0,The country where children fear election time https://t.co/Ns92Bo3Oq2,5
@BBCWorld,0.0,Mar-30-2018 23:24:44,1.0,0.0,0.0,Week in pictures: 24 - 30 March 2018 https://t.co/iS4Cvu0Am0,6
@BBCWorld,0.0,Mar-30-2018 23:07:50,1.0,0.0,0.0,"Prince Laurent: ‚Ç¨46,000 blow for Belgium's 'cursed prince' https://t.co/FauI5N9jNo",7
@BBCWorld,0.0,Mar-30-2018 22:01:24,1.0,0.0,0.0,North Korea sanctions: UN blacklists shipping firms https://t.co/URRJ9FYvSX,8
@BBCWorld,0.1531,Mar-30-2018 21:43:33,0.38,0.291,0.329,Iowa man wins legal battle to say hometown stinks https://t.co/L0Yxag5UGd,9
@BBCWorld,0.0,Mar-30-2018 19:15:36,0.729,0.135,0.135,Mauritania court gives toughest sentence for slave owners https://t.co/JgcmnJy1DV,10
@BBCWorld,0.0,Mar-30-2018 18:48:07,1.0,0.0,0.0,Police shot unarmed US man '7 times in back' https://t.co/XhBhOwZfw6,11
@BBCWorld,0.0,Mar-30-2018 17:32:08,1.0,0.0,0.0,Schwarzenegger has heart surgery https://t.co/7q1nkfhBuK,12
@BBCWorld,0.0,Mar-30-2018 17:19:55,1.0,0.0,0.0,Ronaldo statue: Sculptor Emanuel Santos takes another shot at bust https://t.co/uJ7u1IS5uN,13
@BBCWorld,-0.7906,Mar-30-2018 17:05:13,0.562,0.438,0.0,Texas woman jailed for five years for 'accidental' voter fraud https://t.co/x0oGoCCEED,14
@BBCWorld,-0.4588,Mar-30-2018 16:48:14,0.645,0.258,0.097,Parkland student David Hogg rejects Fox News host's apology https://t.co/bt9Eu2uCbB,15
@BBCWorld,0.34,Mar-30-2018 16:46:04,0.769,0.0,0.231,Kosovo security chiefs sacked after six Turks deported https://t.co/ECtnW0DivL,16
@BBCWorld,0.3252,Mar-30-2018 14:35:32,0.774,0.0,0.226,Noor Salman: Pulse nightclub shooter's widow not guilty https://t.co/afpEyQwyDJ,17
@BBCWorld,-0.7783,Mar-30-2018 13:43:56,0.541,0.459,0.0,Vatican: Pope did not say there is no hell https://t.co/k9htWRJoNF,18
@BBCWorld,0.0,Mar-30-2018 13:41:07,1.0,0.0,0.0,Scammers impersonate French first lady Brigitte Macron https://t.co/SE4Wy6tWPB,19
@BBCWorld,-0.3182,Mar-30-2018 13:01:35,0.753,0.247,0.0,Lindsay Lohan loses GTA V privacy case appeal https://t.co/es4JwTwbFC,20
@BBCWorld,-0.7964,Mar-30-2018 12:56:56,0.496,0.504,0.0,Syria war: Turkey's Erdogan rejects French mediation offer https://t.co/aPHKNjOvSs,21
@BBCWorld,0.0,Mar-30-2018 12:54:35,1.0,0.0,0.0,Kim Jong-un visit: What else crosses the China-North Korea border? https://t.co/lPmI1xe0LS,22
@BBCWorld,-0.6124,Mar-30-2018 12:21:15,0.615,0.385,0.0,"China's 'Jack the Ripper', Gao Chengyong, sentenced to death https://t.co/e8NAzpiKr2",23
@BBCWorld,0.0,Mar-30-2018 12:14:19,1.0,0.0,0.0,Test-launch footage of Russian ballistic missile Satan 2 https://t.co/X7CXi0R8Ss,24
@BBCWorld,-0.7506,Mar-30-2018 12:04:18,0.484,0.516,0.0,Spy poisoning: Russia expels 'unfriendly' Western diplomats https://t.co/BKgQvPNzfc,25
@BBCWorld,-0.7783,Mar-30-2018 11:04:58,0.57,0.43,0.0,"Coffee sold in California must carry cancer warning, judge rules https://t.co/TcX5BjGb8o",26
@BBCWorld,-0.6486,Mar-30-2018 10:10:34,0.613,0.387,0.0,Russia state of emergency as toxic dump fumes hit town near Moscow https://t.co/jzgICamFwk,27
@BBCWorld,-0.1027,Mar-30-2018 09:51:30,0.282,0.373,0.345,Facebook 'ugly truth' growth memo haunts firm https://t.co/wkFtFBoWsH,28
@BBCWorld,0.0,Mar-30-2018 09:27:39,1.0,0.0,0.0,NZ seniors' group hits back at 'elderly driver' plates https://t.co/KrHANEWpya,29
@BBCWorld,0.4215,Mar-30-2018 09:01:54,0.741,0.0,0.259,Grace Mugabe's farm invaded by Zimbabwe gold diggers https://t.co/tTffJxjUDr,30
@BBCWorld,0.2732,Mar-30-2018 07:46:20,0.769,0.095,0.136,"RT @BBCVishalaSP: Female cabin crew at Cathay Pacific have won a battle to scrap a rule forcing them to wear skirts, we're asking does work‚Ä¶",31
@BBCWorld,0.0,Mar-30-2018 07:27:58,1.0,0.0,0.0,The South Korean rock band returning to perform in Pyongyang https://t.co/Wdyum09TQf,32
@BBCWorld,0.0,Mar-30-2018 07:18:08,1.0,0.0,0.0,"Colombian church donates 250,000 communion wafers to Venezuela https://t.co/UWTGBxvtQx",33
@BBCWorld,-0.1779,Mar-30-2018 05:55:35,0.519,0.267,0.215,Easter: Irish pubs lift Good Friday alcohol ban https://t.co/Jfs8mwLBqL,34
@BBCWorld,-0.8625,Mar-30-2018 05:49:39,0.676,0.324,0.0,RT @BBCNewsAsia: The former Korean Air executive who was sacked and jailed for a 'nut rage' tantrum on board a plane has made a corporate c‚Ä¶,35
@BBCWorld,0.0,Mar-30-2018 05:12:28,1.0,0.0,0.0,"RT @BBCNewsAsia: Brace yourselves. 

China's defunct space lab, Tiangong-1, should fall to Earth over the weekend. https://t.co/D6zHr74mUA",36
@BBCWorld,-0.5574,Mar-30-2018 04:51:40,0.69,0.31,0.0,Korean Air 'nut rage' heiress makes management comeback https://t.co/nmrvz2wGnG,37
@BBCWorld,-0.5423,Mar-30-2018 04:44:59,0.842,0.158,0.0,RT @BBCNewsAsia: Just in case you missed this epic story of how a camera lost at sea for more than two years was discovered on a Taiwan bea‚Ä¶,38
@BBCWorld,-0.3182,Mar-30-2018 04:42:27,0.874,0.126,0.0,"RT @BBCNewsAsia: ‚ö°Ô∏è ‚ÄúCamera lost at sea for over two years found and returned to owner‚Äù

https://t.co/V9moYw1ehI",39
@BBCWorld,0.0,Mar-30-2018 04:42:04,1.0,0.0,0.0,Cathay Pacific ends skirts-only rule for female staff https://t.co/3PTcts8skV,40
@BBCWorld,-0.5423,Mar-30-2018 04:28:03,0.588,0.412,0.0,Shelling 'kills Palestinian' in Gaza https://t.co/waX7SlXTUt,41
@BBCWorld,-0.7783,Mar-30-2018 04:25:00,0.685,0.315,0.0,"RT @BBCBreaking: Israeli shelling reportedly kills a Palestinian in Gaza, where tension is high ahead of a protest along the border https:/‚Ä¶",42
@BBCWorld,0.5423,Mar-30-2018 03:27:13,0.639,0.1,0.26,"RT @BBCNewsAsia: Even in no man's land, Rohingya children know how to play and have fun. https://t.co/CEHN7XNEHS",43
@BBCWorld,0.3182,Mar-30-2018 02:37:02,0.791,0.079,0.13,"RT @BBCNewsAsia: A strong magnitude 6.9 earthquake has struck off the cost of Papua New Guinea's New Britain island, the US Geological Surv‚Ä¶",44
@BBCWorld,0.0772,Mar-30-2018 02:24:13,0.543,0.217,0.24,El Salvador's shackled deportees become friends in adversity https://t.co/30m9g4A9mA,45
@BBCWorld,0.0,Mar-30-2018 02:21:14,1.0,0.0,0.0,Africa's week in pictures: 23-29 March 2018 https://t.co/OaN91YnM2C,46
@BBCWorld,0.0,Mar-30-2018 02:13:57,1.0,0.0,0.0,Russian spy: How big is the Kremlin's diplomatic network? https://t.co/8Ys9Klw0KP,47
@BBCWorld,-0.5994,Mar-30-2018 01:58:17,0.719,0.281,0.0,Syria war: France offers to mediate between Turkey and Kurds https://t.co/PW3KxVlsaf,48
@BBCWorld,0.0,Mar-30-2018 00:51:51,1.0,0.0,0.0,Volkswagen's car 'graveyard' in California https://t.co/WPqjrzIAV3,49
@BBCWorld,-0.4939,Mar-30-2018 00:36:26,0.625,0.375,0.0,Myanmar's Rohingya stuck in Bangladesh's 'no man's land' https://t.co/2i5yVG0nxC,50
@BBCWorld,0.4215,Mar-30-2018 00:16:45,0.781,0.0,0.219,"Obituary: Johan van Hulst, the teacher who saved Jewish children https://t.co/Rme8DazkLW",51
@BBCWorld,-0.5267,Mar-30-2018 00:14:10,0.614,0.386,0.0,The teenager sentenced to 241 years in prison https://t.co/Hpr3KNH6AQ,52
@BBCWorld,0.3612,Mar-30-2018 00:03:14,0.737,0.0,0.263,Colorado senator explains white privilege to colleagues https://t.co/9mL32lOf1d,53
@BBCWorld,-0.6597,Mar-29-2018 23:19:50,0.565,0.435,0.0,Turning bread into beer to fight food waste https://t.co/4G2RZnHwF8,54
@BBCWorld,0.4019,Mar-29-2018 23:14:54,0.69,0.0,0.31,Alligator 'gender reveal party' causes controversy https://t.co/J9kwaxTEOK,55
@BBCWorld,0.0,Mar-29-2018 23:12:30,1.0,0.0,0.0,Lagos street dancers go viral after Rihanna retweet https://t.co/aHBRNRbpcg,56
@BBCWorld,-0.4215,Mar-29-2018 23:12:30,0.741,0.259,0.0,Industry ferment: US wine industry crushed over tariffs https://t.co/QtTsyGqNMl,57
@BBCWorld,0.5106,Mar-29-2018 22:52:55,0.769,0.0,0.231,Papua New Guinea earthquake: Strong shallow tremor off New Britain island https://t.co/tscosDL1ES,58
@BBCWorld,-0.6597,Mar-29-2018 22:28:37,0.645,0.355,0.0,Mattis to Bolton: I hear you're the devil incarnate https://t.co/737dq2WcQH,59
@BBCWorld,-0.3182,Mar-29-2018 21:15:29,0.839,0.161,0.0,Stormy Daniels loses bid for early Trump testimony on her sex claims https://t.co/6v6irGxYrC,60
@BBCWorld,0.0,Mar-29-2018 20:25:09,1.0,0.0,0.0,"RT @bbcweather: For those of you travelling further afield this #Easter, here's a quick look at the weather around the world: https://t.co/‚Ä¶",61
@BBCWorld,0.0,Mar-29-2018 17:27:27,1.0,0.0,0.0,Pope Francis gives ride to boy with Down's syndrome https://t.co/hlvzAGnnve,62
@BBCWorld,-0.3818,Mar-29-2018 17:23:17,0.755,0.245,0.0,Russia expels US diplomats in tit for tat https://t.co/ZKMl3MEddK,63
@BBCWorld,-0.7506,Mar-29-2018 17:15:53,0.748,0.252,0.0,RT @BBCBreaking: Russia expels 60 US diplomats and closes St Petersburg consulate in response to American action over spy poisoning https:/‚Ä¶,64
@BBCWorld,0.0,Mar-29-2018 17:00:27,1.0,0.0,0.0,Gunmen 'abduct mayor of Tripoli Abdelraouf Beitelmal' https://t.co/6B8jXtf4mC,65
@BBCWorld,-0.7579,Mar-29-2018 16:17:23,0.435,0.565,0.0,Australia coach quits over cheating scandal https://t.co/APT3d1JVtX,66
@BBCWorld,-0.8176,Mar-29-2018 15:59:30,0.516,0.484,0.0,Uganda newspaper's 'wine for abuse stories' contest angers readers https://t.co/CMLNvGjbeQ,67
@BBCWorld,-0.6808,Mar-29-2018 15:59:30,0.556,0.444,0.0,China singer denied bank account because he‚Äôs blind https://t.co/lVVelEOCVk,68
@BBCWorld,-0.4767,Mar-29-2018 15:59:30,0.744,0.256,0.0,Tr√®bes attack: Vegan activist in court over butcher post https://t.co/Hes8CiFL1N,69
@BBCWorld,0.4215,Mar-29-2018 14:47:45,0.682,0.0,0.318,Russian spy: Yulia Skripal 'improving rapidly' https://t.co/Feql7s95Zj,70
@BBCWorld,-0.6597,Mar-29-2018 14:47:09,0.787,0.213,0.0,"RT @BBCSport: PAOK Salonika's president Ivan Savvidis has been banned for three years for coming onto the pitch with a gun.

More: https://‚Ä¶",71
@BBCWorld,0.0,Mar-29-2018 14:40:01,1.0,0.0,0.0,Sarkozy 'to face corruption trial' https://t.co/QV5HTYmsWU,72
@BBCWorld,0.4939,Mar-29-2018 14:40:01,0.652,0.0,0.348,Trump calls to congratulate TV's Roseanne https://t.co/ipNJ1KMrgk,73
@BBCWorld,0.3818,Mar-29-2018 14:19:11,0.794,0.0,0.206,"Australian ball-tampering: Steve Smith, David Warner and Cameron Bancroft apologise https://t.co/AcGybzckwZ",74
@BBCWorld,-0.4804,Mar-29-2018 14:19:10,0.518,0.357,0.126,Trump attacks Amazon for paying 'little or no taxes' https://t.co/rTHNIRQp00,75
@BBCWorld,0.0,Mar-29-2018 14:19:10,1.0,0.0,0.0,VW to buy back cars hit by German city diesel bans https://t.co/zSEHoTyU7E,76
@BBCWorld,-0.5859,Mar-29-2018 14:19:10,0.678,0.322,0.0,Barclays pays $2bn to settle US fraud case https://t.co/OYF3mPgN9q,77
@BBCWorld,0.0516,Mar-29-2018 13:41:21,0.673,0.159,0.168,"RT @BBCtrending: A heartfelt outcry. But is it ""trial by social media""? The story behind #IBelieveHer https://t.co/6aVhzw5oYF",78
@BBCWorld,-0.6597,Mar-29-2018 13:25:32,0.597,0.403,0.0,PAOK Salonika: Gun incident sees Greek club's president banned https://t.co/m9eiwanNd9,79
@BBCWorld,-0.5423,Mar-29-2018 13:20:12,0.667,0.333,0.0,California car cliff plunge kills US family https://t.co/vXhDe84pvJ,80
@BBCWorld,0.0,Mar-29-2018 13:02:23,1.0,0.0,0.0,David Shulkin: Sacked secretary in parting shot at Trump https://t.co/Teh6jVB7GQ,81
@BBCWorld,-0.3182,Mar-29-2018 12:45:48,0.777,0.223,0.0,When a cheetah interrupts your safari (don't look around) üëÄ https://t.co/T9cOUdpCl6,82
@BBCWorld,0.0,Mar-29-2018 11:57:27,1.0,0.0,0.0,Up close: The moment a cheetah joined a safari https://t.co/BWbPBFTVdI,83
@BBCWorld,0.0,Mar-29-2018 11:37:46,1.0,0.0,0.0,Germany migrants: Plans to keep asylum seekers in 'anchor centres' https://t.co/Pf1cCXBQth,84
@BBCWorld,-0.5267,Mar-29-2018 11:14:05,0.621,0.258,0.121,Police use tear gas to disperse crowds desperate for news of loved ones after at least 68 people died in fire at po‚Ä¶ https://t.co/9eIMe3tUlR,85
@BBCWorld,-0.34,Mar-29-2018 11:01:45,0.902,0.098,0.0,RT @BBCBreaking: French police arrest man in Grenoble after group of soldiers were almost hit by a car while jogging near their barracks ht‚Ä¶,86
@BBCWorld,0.0,Mar-29-2018 10:52:18,1.0,0.0,0.0,Czechs consider national anthem update https://t.co/NDfnoewnK5,87
@BBCWorld,-0.3182,Mar-29-2018 10:41:12,0.881,0.119,0.0,"Owner reunited with camera lost at sea for two years (It still works by the way)

https://t.co/DKd10DtuwL https://t.co/McyZjxgtgB",88
@BBCWorld,0.0,Mar-29-2018 09:59:23,1.0,0.0,0.0,Thai beach from Leonardo DiCaprio film to close temporarily https://t.co/u3V69MIxHY,89
@BBCWorld,0.0,Mar-29-2018 09:35:03,1.0,0.0,0.0,"RT @BBCNews: Balls, cherries or cakes.
 
What's the biggest #Brexit clich√© of all? 

https://t.co/W77gVN8RvN https://t.co/KLIpCV1JVA",90
@BBCWorld,0.0,Mar-29-2018 09:29:39,1.0,0.0,0.0,'Fake' India journalists held in Australia over human trafficking https://t.co/2dupZZwWAH,91
@BBCWorld,0.0258,Mar-29-2018 09:22:15,0.609,0.191,0.2,Sean Penn's debut novel is trashed by critics https://t.co/HnWQ1aTAFO,92
@BBCWorld,-0.8271,Mar-29-2018 09:13:22,0.661,0.339,0.0,"""I'll do everything I can to make up for my mistake and the damage it's caused."" 

Suspended Australian cricket cap‚Ä¶ https://t.co/hqG3GDUQtE",93
@BBCWorld,-0.2023,Mar-29-2018 09:05:37,0.84,0.096,0.064,"RT @bbctms: Steve Smith gives emotional media conference at Sydney airport.

Refuses to put blame onto David Warner or others. 

""I don't b‚Ä¶",94
@BBCWorld,0.5859,Mar-29-2018 08:50:42,0.725,0.0,0.275,Egypt election: Sisi 'set to win second term as president' https://t.co/9zH6odwbmB,95
@BBCWorld,0.0,Mar-29-2018 08:27:29,1.0,0.0,0.0,Driver tries to ram group of French soldiers https://t.co/x73x6EWoHl,96
@BBCWorld,-0.3182,Mar-29-2018 08:20:39,0.777,0.223,0.0,The incredible journey of a camera lost at sea https://t.co/3gPwsj2rWW,97
@BBCWorld,0.0,Mar-29-2018 08:17:00,1.0,0.0,0.0,Islamic State and the kidnap of Nigerian schoolgirls from Dapchi https://t.co/vVh2YGwAhN,98
@BBCWorld,0.1779,Mar-29-2018 07:55:09,0.806,0.084,0.11,"RT @BBCNewsAsia: In an extraordinary tale of luck and coincidence, a camera lost at sea for more than two years was discovered and will be‚Ä¶",99
@BBCWorld,0.0,Mar-29-2018 07:51:49,1.0,0.0,0.0,North and South Korea set date for leaders' summit https://t.co/pNYhUJQ2kr,100
@nytimes,0.3182,Mar-31-2018 00:14:35,0.813,0.0,0.187,Walmart in Talks to Strengthen Ties to Health Insurer Humana https://t.co/bUhlWHpziI,1
@nytimes,0.5859,Mar-31-2018 00:07:36,0.833,0.0,0.167,"""There's a lot about this country we need to learn a lot more about."" How President Trump's win shifted ABC's plans‚Ä¶ https://t.co/v4hhGN3ui5",2
@nytimes,-0.3182,Mar-30-2018 23:50:36,0.839,0.161,0.0,"Fiction: Brainy and Benighted, Lost in the Books of Bola√±o and Borges https://t.co/TzJz6yZlkY",3
@nytimes,0.0,Mar-30-2018 23:37:45,1.0,0.0,0.0,The tech industry was once one of President Trump's most vocal opponents.  Now it has increasingly found common gro‚Ä¶ https://t.co/fETU5Ha4Ba,4
@nytimes,0.25,Mar-30-2018 23:19:08,0.567,0.165,0.268,She was fit and healthy. So why did her right lung mysteriously collapse? https://t.co/cDamzO81ZG,5
@nytimes,0.0,Mar-30-2018 23:00:04,1.0,0.0,0.0,"If the addition of a citizenship question to the 2020 census reduces participation of noncitizens, here are the sta‚Ä¶ https://t.co/VU2mtnAVvF",6
@nytimes,0.0,Mar-30-2018 22:50:04,1.0,0.0,0.0,"RT @abscribe: After #Harvey pounded Texas, a @nytimes team of journalists spent time with families to understand how they made a decision t‚Ä¶",7
@nytimes,-0.7096,Mar-30-2018 22:38:40,0.772,0.228,0.0,"The fatal police shooting of Alton Sterling in 2016 has led to the firing of one Baton Rouge, La., officer. Another‚Ä¶ https://t.co/DJpNOco0Sn",8
@nytimes,0.2675,Mar-30-2018 22:28:28,0.723,0.119,0.158,RT @nytclimate: You shouldn't pass over this excellent story about drought and famine in ancient Egypt: a timeless tale of failing to adapt‚Ä¶,9
@nytimes,-0.6705,Mar-30-2018 22:15:05,0.836,0.164,0.0,Amia Tyrae is at least the 7th transgender woman killed in the U.S. this year. She ‚Äúwas taken away in the very mann‚Ä¶ https://t.co/3uIKUiquso,10
@nytimes,0.0,Mar-30-2018 22:00:06,1.0,0.0,0.0,The Metropolitan Opera is presenting a new opera for babies between between 6 months old and 18 months old https://t.co/e2eFUDFUYC,11
@nytimes,-0.1531,Mar-30-2018 21:45:06,0.625,0.179,0.196,RT @nytfood: Remember Balducci's? The man credited with creating the gastronomic mecca is dead at 92 https://t.co/QWJz32P7Y8 https://t.co/O‚Ä¶,12
@nytimes,0.336,Mar-30-2018 21:35:04,0.883,0.0,0.117,"The Man Booker is Britain‚Äôs most prestigious literary award, but for the past 2 years, American writers have domina‚Ä¶ https://t.co/FISkVSO6kv",13
@nytimes,-0.5994,Mar-30-2018 21:25:04,0.745,0.204,0.051,"""I want to die over there, not here."" The New York Times joined an elderly couple on a bittersweet journey home to‚Ä¶ https://t.co/DRsP7fwudW",14
@nytimes,-0.4404,Mar-30-2018 21:10:04,0.879,0.121,0.0,Today‚Äôs teens have been raised on cellphones and social media. Should we worry about them or just get out of their‚Ä¶ https://t.co/uxlQbv3xDN,15
@nytimes,-0.4939,Mar-30-2018 20:55:02,0.856,0.144,0.0,"RT @nytfood: We have recipes for Passover, Easter and the weekend. (And a suggestion for April Fools' Day: Make a cherry cola-chocolate-may‚Ä¶",16
@nytimes,0.6369,Mar-30-2018 20:40:06,0.802,0.0,0.198,"The sordid love affair between Elizabeth Taylor and Richard Burton during ""Cleopatra"" is now an onstage drama https://t.co/ioZrmQLekP",17
@nytimes,0.5859,Mar-30-2018 20:25:05,0.745,0.0,0.255,"RT @nytopinion: In Memphis, Martin Luther King's dream of income equality remains far from fulfilled https://t.co/8hy3fxZYyS",18
@nytimes,0.0,Mar-30-2018 20:10:07,1.0,0.0,0.0,"RT @nytimesworld: ‚ÄúAt the airport in Bucharest, I was surrounded by customs officials. They said, ‚ÄòYou‚Äôre dead,‚Äô ‚Äù he recalled with disbeli‚Ä¶",19
@nytimes,0.0,Mar-30-2018 19:58:07,1.0,0.0,0.0,How Ta-Nehisi Coates‚Äôs deeply personal ‚ÄúBetween the World and Me‚Äù was adapted into a stage performance at the Apollo https://t.co/OtttIFqRmu,20
@nytimes,0.0,Mar-30-2018 19:48:01,1.0,0.0,0.0,‚ÄúRoseanne‚Äù is going to be here for a while. The revived sitcom is getting a second season. https://t.co/U99w72y13Z,21
@nytimes,0.0,Mar-30-2018 19:38:01,1.0,0.0,0.0,RT @nytimesarts: Netflix enters its teenage phase https://t.co/3Bu8BbznHn,22
@nytimes,0.0,Mar-30-2018 19:28:05,1.0,0.0,0.0,A Census Bureau panel of expert advisers on Friday rebuked the Trump administration‚Äôs decision to add a question on‚Ä¶ https://t.co/21aW2YW6Bm,23
@nytimes,0.7269,Mar-30-2018 19:18:06,0.747,0.0,0.253,Maguire University has attended every Final Four weekend since 1963. Which is pretty good when one considers the sc‚Ä¶ https://t.co/SvVmqL4sz4,24
@nytimes,0.0,Mar-30-2018 19:13:02,1.0,0.0,0.0,Nearly all applicants for a visa to enter the U.S. will be asked to submit their social-media user names for the pa‚Ä¶ https://t.co/CUnQHxELzC,25
@nytimes,-0.4767,Mar-30-2018 19:08:05,0.876,0.124,0.0,It currently takes 250 days to get an interview with the U.S. visa section in Russia. That will only get worse with‚Ä¶ https://t.co/FcyA6lDsN2,26
@nytimes,0.2682,Mar-30-2018 18:59:03,0.775,0.088,0.137,"RT @nytimesarts: Many scholars think Bach was a forward-looking, quasi-scientific thinker who had little or no genuine interest in traditio‚Ä¶",27
@nytimes,0.0,Mar-30-2018 18:52:05,1.0,0.0,0.0,The founder of a crowdfunding website for school projects emailed the CEO of a cryptocurrency company with a propos‚Ä¶ https://t.co/KvayQou55W,28
@nytimes,0.0,Mar-30-2018 18:44:04,1.0,0.0,0.0,"On the morning after the 2016 election, a group of ABC executives gathered to discuss what the Trump victory meant‚Ä¶ https://t.co/cO0CDuBrUH",29
@nytimes,0.0,Mar-30-2018 18:35:37,1.0,0.0,0.0,An earlier tweet to an earlier version of this story was deleted. It should have clarified that Mr. Clark was shot‚Ä¶ https://t.co/PPWn2biVex,30
@nytimes,-0.2263,Mar-30-2018 18:34:10,0.905,0.095,0.0,"Stephon Clark, the unarmed man who was shot by Sacramento police in his grandmother‚Äôs backyard, sparking protests t‚Ä¶ https://t.co/J5dy6mSFu4",31
@nytimes,0.0,Mar-30-2018 18:29:45,1.0,0.0,0.0,"RT @jdelreal: NEWS: Stephon Clark‚Äôs family commissioned an independent autopsy, which found he was shot eight times from the back and side.‚Ä¶",32
@nytimes,0.0,Mar-30-2018 18:28:02,1.0,0.0,0.0,"These frogs ""used to be so abundant that you could barely walk without stepping on them."" Then came the fungus. https://t.co/rm6OwCEMmI",33
@nytimes,0.0,Mar-30-2018 18:18:03,1.0,0.0,0.0,"What NYT readers said about Roseanne Barr and the ""Roseanne"" reboot https://t.co/8mUPBy7N0R",34
@nytimes,0.4168,Mar-30-2018 18:14:52,0.866,0.0,0.134,‚ÄúThis independent autopsy affirms that Stephon was not a threat to police and was slain in another senseless police‚Ä¶ https://t.co/dL42DtERsy,35
@nytimes,0.1779,Mar-30-2018 18:08:01,0.809,0.081,0.111,"RT @tarangoNYT: Long before police shootings and protests in Ferguson, Mo., or Sacramento focused America‚Äôs attention on how the police tre‚Ä¶",36
@nytimes,0.0,Mar-30-2018 17:55:40,1.0,0.0,0.0,@FrancesRobles Here's a link to the story: https://t.co/uLMTY95a3a,37
@nytimes,0.3034,Mar-30-2018 17:52:03,0.904,0.0,0.096,"RT @FrancesRobles: EXCLUSIVE: New York Times has learned that Stephon Clark was shot eight times from behind or side, according to a privat‚Ä¶",38
@nytimes,0.0,Mar-30-2018 17:48:03,1.0,0.0,0.0,"RT @NYTStyles: Nicole Parasina Basile wasn‚Äôt looking for a husband when she moved to Crown Heights, Brooklyn, in 2010, but that‚Äôs exactly w‚Ä¶",39
@nytimes,-0.34,Mar-30-2018 17:38:03,0.772,0.158,0.07,"RT @nytimesworld: No other country was as efficient at killing its Jews as Lithuania, where not only did 96 percent perish, but the victims‚Ä¶",40
@nytimes,0.6597,Mar-30-2018 17:28:03,0.779,0.0,0.221,The real marvel of Mexico‚Äôs avocado trade is not so much its size as the speed of its sudden growth https://t.co/mMDHpdM624,41
@nytimes,0.3182,Mar-30-2018 17:18:02,0.892,0.0,0.108,The IRS is urging people to do a ‚Äúpaycheck checkup‚Äù to make sure they're having their employers withhold the correc‚Ä¶ https://t.co/kBwBqM5sgB,42
@nytimes,0.4767,Mar-30-2018 17:08:04,0.871,0.0,0.129,"RT @nytimesarts: Kate Mara on her new movie ‚ÄúChappaquiddick‚Äù: ‚ÄúLike a lot of people, I‚Äôm fascinated with the Kennedys and their history and‚Ä¶",43
@nytimes,0.6124,Mar-30-2018 16:58:02,0.818,0.0,0.182,"RT @NYTStyles: The Wing is under investigation for discrimination, but honestly ... that's only gotten it more press. https://t.co/uHGB7sVY‚Ä¶",44
@nytimes,0.2732,Mar-30-2018 16:48:03,0.89,0.0,0.11,"In college basketball, Catholic schools have long punched well above their weight. The reasons stretch back a centu‚Ä¶ https://t.co/wJkwuvDZRS",45
@nytimes,-0.4215,Mar-30-2018 16:38:07,0.859,0.141,0.0,"RT @dgelles: Cash may be king, but it's no longer essential. 

I've gone cashless. My essay here: 
https://t.co/laHrQD9j1F",46
@nytimes,0.0,Mar-30-2018 16:28:05,1.0,0.0,0.0,The midterm elections will determine the political script for the rest of President Trump‚Äôs first term. And Pennsyl‚Ä¶ https://t.co/ZpZGFxjunA,47
@nytimes,-0.0516,Mar-30-2018 16:18:03,0.943,0.057,0.0,"Puerto Ricans are trickling back to the island. They must come to terms with a Puerto Rico that is still crippled,‚Ä¶ https://t.co/Wml9x3rYyw",48
@nytimes,0.4404,Mar-30-2018 16:08:02,0.828,0.0,0.172,Hope Hicks has left the building. Those who remain are wondering what happens now. https://t.co/ds3NJlS4i8,49
@nytimes,0.2263,Mar-30-2018 15:58:04,0.773,0.092,0.135,"In Opinion

Alex Wagner writes: ""Racially speaking, the United States is 0% Hispanic. This is confusing ‚Äî especiall‚Ä¶ https://t.co/kzJaxIOguf",50
@nytimes,-0.7783,Mar-30-2018 15:48:06,0.702,0.298,0.0,A California judge‚Äôs ruling would require cancer warning labels on coffee. The coffee industry is considering how t‚Ä¶ https://t.co/1GJ1f9b3Mj,51
@nytimes,-0.3818,Mar-30-2018 15:38:02,0.867,0.133,0.0,"""That‚Äôs how I ended up losing my virginity on a fourth date with a middle-school teacher that I didn‚Äôt even particu‚Ä¶ https://t.co/Dk0vk6HRT2",52
@nytimes,-0.1779,Mar-30-2018 15:31:03,0.664,0.203,0.133,Breaking News: What was billed as a peaceful protest along Gaza's border with Israel turned bloody. The Israeli mil‚Ä¶ https://t.co/RVW9kEuN82,53
@nytimes,0.0,Mar-30-2018 15:28:03,1.0,0.0,0.0,"There‚Äôs been talk of bankruptcy swirling around Gibson, the Nashville-based guitar company. What happened? https://t.co/cOVKNf2Wbm",54
@nytimes,-0.296,Mar-30-2018 15:18:07,0.879,0.121,0.0,A Russian man accused of hacking 3 American tech companies in 2012 has been extradited to the U.S. https://t.co/MnltMkO1Oe,55
@nytimes,-0.5994,Mar-30-2018 15:08:06,0.776,0.224,0.0,"RT @jodikantor: Six months ago, @ronlieber wrote about teachers and firefighters being seriously screwed by a government student loan progr‚Ä¶",56
@nytimes,0.0,Mar-30-2018 14:58:04,1.0,0.0,0.0,"Another week, another news quiz. Tell us how you did. https://t.co/buvo5zeiKz",57
@nytimes,-0.2411,Mar-30-2018 14:48:05,0.897,0.103,0.0,"President Trump insisted he will never again sign a huge catchall spending bill. Given the state of Congress,‚Ä¶ https://t.co/Ov68bYiDwD",58
@nytimes,-0.4404,Mar-30-2018 14:38:08,0.861,0.139,0.0,Exxon sued to try to block investigations into its research and public statements about climate change. A judge dis‚Ä¶ https://t.co/uFOMCdotBj,59
@nytimes,0.1139,Mar-30-2018 14:33:36,0.818,0.081,0.1,"Breaking News: Noor Salman, the widow of the Pulse nightclub shooter, was found not guilty of helping her husband c‚Ä¶ https://t.co/O1tNykTV7B",60
@nytimes,0.4215,Mar-30-2018 14:28:06,0.872,0.0,0.128,"By tying a trade deal with South Korea to progress in denuclearizing North Korea, President Trump is showing how li‚Ä¶ https://t.co/IfnzE5hDEO",61
@nytimes,-0.5849,Mar-30-2018 14:18:03,0.853,0.147,0.0,RT @UpshotNYT: Does more immigration mean more crime? In collaboration with the @MarshallProj we look at the data behind this widely held i‚Ä¶,62
@nytimes,0.0,Mar-30-2018 14:11:04,1.0,0.0,0.0,Why do cracking knuckles make that sound? You might need a calculator to explain it. https://t.co/YpjnR3SXN2,63
@nytimes,0.296,Mar-30-2018 14:02:04,0.855,0.0,0.145,5 times David Pecker and The National Enquirer have defended or championed President Trump https://t.co/1BQX7SYOm5,64
@nytimes,0.25,Mar-30-2018 13:48:47,0.857,0.0,0.143,RT @PatriciaMazzei: BREAKING: Jury in Salman trial has reached a verdict. It will be announced in court in about 30 minutes.,65
@nytimes,0.25,Mar-30-2018 13:48:03,0.913,0.0,0.087,"RT @nytimesworld: ‚ÄúWe‚Äôll probably hold that deal up for a little while, see how it all plays out.‚Äù‚ÄîPresident Trump on his recently announce‚Ä¶",66
@nytimes,0.3818,Mar-30-2018 13:41:53,0.719,0.094,0.187,RT @nhannahjones: I went on The Daily with @mikiebarb today to discuss Linda Brown and the continuing fight to fulfill the promise of landm‚Ä¶,67
@nytimes,-0.7906,Mar-30-2018 13:38:05,0.709,0.247,0.044,"‚ÄúI want to die over there, not here,‚Äù said Enrique, lying on the hotel bed, a scar from one of his many surgeries v‚Ä¶ https://t.co/KNpdOHhDJW",68
@nytimes,0.0,Mar-30-2018 13:28:00,1.0,0.0,0.0,RT @nytimesworld: Couples in Denmark can obtain a divorce in less than a week. The government is trying to make breaking up a little a hard‚Ä¶,69
@nytimes,0.0,Mar-30-2018 13:18:05,1.0,0.0,0.0,The tech industry was once one of President Trump's most vocal opponents.  Now it has increasingly found common gro‚Ä¶ https://t.co/TAjx9fZATB,70
@nytimes,0.0,Mar-30-2018 13:08:02,1.0,0.0,0.0,"Thousands of asylum seekers remain stranded on the Greek island of Lesbos, unwilling to go back to the countries th‚Ä¶ https://t.co/LrxHQuWlTN",71
@nytimes,-0.7096,Mar-30-2018 13:05:35,0.707,0.233,0.06,"RT @peterbakernyt: Trump's attacks on Amazon are often set off by his anger at stories in the @washingtonpost, also owned by Bezos, associa‚Ä¶",72
@nytimes,0.0,Mar-30-2018 12:58:01,1.0,0.0,0.0,Morning Briefing: Here's what you need to know to start your day https://t.co/aNoHwClgkV,73
@nytimes,0.0,Mar-30-2018 12:48:01,1.0,0.0,0.0,"The ""Mean Girls"" musical comes 14 years after the movie. And Gretchen is still trying to make ""fetch"" happen. https://t.co/GEfZu6meAR",74
@nytimes,0.7227,Mar-30-2018 12:38:06,0.718,0.055,0.227,"RT @motokorich: No ‚ÄúGangnam Style‚Äù for North Korea, but plenty of Kpop will be playing In Pyongyang. (In which I get the fun reporting assi‚Ä¶",75
@nytimes,-0.8555,Mar-30-2018 12:28:04,0.693,0.307,0.0,"The death of Anthony Weber, a 16-year-old killed in a police shooting, is a sign to many in Los Angeles of how much‚Ä¶ https://t.co/KPSosHPLdb",76
@nytimes,-0.6705,Mar-30-2018 12:19:12,0.743,0.257,0.0,At least 5 Palestinians were reported killed in clashes with Israeli soldiers in Gaza https://t.co/Ug9FXsdXRW,77
@nytimes,-0.5574,Mar-30-2018 12:08:02,0.865,0.135,0.0,"Linda Brown, who was at the center of Brown v. Board of Education , died on Sunday. Who was she, and what has chang‚Ä¶ https://t.co/ePfthSQoxp",78
@nytimes,0.296,Mar-30-2018 12:00:27,0.619,0.134,0.247,"Laura Ingraham, a Fox News host, apologized for taunting a Parkland shooting survivor after losing advertisers https://t.co/HwwUsjEkMI",79
@nytimes,-0.296,Mar-30-2018 11:46:01,0.901,0.099,0.0,"In Opinion,

@rgay writes: ""No amount of mental gymnastics can make what Roseanne Barr has said and done in recent‚Ä¶ https://t.co/E5pGePnQ9B",80
@nytimes,0.0,Mar-30-2018 11:31:05,1.0,0.0,0.0,The story of one White House dinner shows how the National Enquirer's publisher has used President Trump's friendsh‚Ä¶ https://t.co/pg0FPgDFLk,81
@nytimes,-0.2263,Mar-30-2018 11:26:27,0.826,0.174,0.0,Clashes on Gaza‚Äôs Border With Israel as Protests Start https://t.co/cVE2wFRWvk,82
@nytimes,0.4404,Mar-30-2018 11:16:00,0.828,0.0,0.172,Hope Hicks has left the building. Those left behind are wondering what happens now. https://t.co/LOiA3Ckq6n,83
@nytimes,0.2023,Mar-30-2018 10:48:43,0.4,0.24,0.36,Opinion: When the Dream of Economic Justice Died https://t.co/KWw81L0MVi,84
@nytimes,-0.5688,Mar-30-2018 10:46:08,0.779,0.221,0.0,The U.N. secretary general called climate change ‚Äúthe most systemic threat to humankind‚Äù https://t.co/bc0Bo7Ztww,85
@nytimes,0.0,Mar-30-2018 10:31:41,1.0,0.0,0.0,"Gym.
Tan.
Laundry.
Check on the kids. 
https://t.co/7Yx2f0vUGd",86
@nytimes,0.0,Mar-30-2018 10:15:26,1.0,0.0,0.0,By the Book: Ernest Cline: By the Book https://t.co/i5c0lu38kG,87
@nytimes,0.1779,Mar-30-2018 10:06:08,0.892,0.0,0.108,"Fact Check: The Facts Behind Trump‚Äôs Tweet on Amazon, Taxes and the Postal Service https://t.co/eDFR9JldgC",88
@nytimes,-0.296,Mar-30-2018 10:03:48,0.694,0.306,0.0,How to Avoid a Renovation Nightmare https://t.co/5q8Y0OBJWh,89
@nytimes,0.4215,Mar-30-2018 09:53:55,0.872,0.0,0.128,"In 2014, one of the Hart family's six adopted children drew widespread attention when he was photographed hugging a‚Ä¶ https://t.co/QPSk6dactX",90
@nytimes,0.0,Mar-30-2018 09:37:09,1.0,0.0,0.0,"Here‚Äôs how @bxchen scrubbed his Twitter and Facebook timelines ‚Äî and what 
he learned https://t.co/hlSw7hAcaO",91
@nytimes,0.0,Mar-30-2018 09:20:43,1.0,0.0,0.0,"To Raise Resilient Kids, Be a Resilient Parent https://t.co/1NmwYvZWhN",92
@nytimes,-0.3818,Mar-30-2018 09:20:23,0.783,0.217,0.0,The dilemma confronts government officials frequently. Digital extortionists have hijacked their computer systems a‚Ä¶ https://t.co/IC8xB5WX2w,93
@nytimes,0.5106,Mar-30-2018 09:03:00,0.82,0.0,0.18,There remains a strong correlation between marriage and economic class in the American higher education system https://t.co/0uV50eIdmI,94
@nytimes,0.5106,Mar-30-2018 08:46:11,0.82,0.0,0.18,There remains a strong correlation between marriage and economic class in the American higher education system https://t.co/uTEZvVuNCT,95
@nytimes,0.0,Mar-30-2018 08:29:33,1.0,0.0,0.0,The NBA is far more willing to address social issues than other leagues. But the Sacramento Kings' partnership with‚Ä¶ https://t.co/QWR6Rd2vVa,96
@nytimes,0.0,Mar-30-2018 08:13:07,1.0,0.0,0.0,"RT @nickconfessore: David Pecker, Jared Kushner, and an advisor to the Saudi crown prince walk into the Oval. You can‚Äôt make it up‚Äîbut you‚Ä¶",97
@nytimes,0.6597,Mar-30-2018 07:55:04,0.748,0.0,0.252,Anbang was seized by the Chinese government. It's still offering deals to investors with promises of safety. https://t.co/1TD9RzC7Ep,98
@nytimes,-0.7096,Mar-30-2018 07:48:46,0.604,0.396,0.0,Bus Fire in Thailand Kills 20 Migrant Workers From Myanmar https://t.co/w3C1SG2hPs,99
@nytimes,-0.296,Mar-30-2018 07:25:05,0.872,0.128,0.0,"The graves used to say ""Argentine soldier known only to God."" Now they have names. https://t.co/7g98Z0zs12",100
@CBSNews,0.6249,Mar-31-2018 00:30:00,0.779,0.0,0.221,U.S. says it has the support of the U.N. Security Council for a new package of sanctions against North Korea‚Ä¶ https://t.co/ZAOjUVAhGo,1
@CBSNews,-0.1531,Mar-31-2018 00:10:01,0.696,0.143,0.161,"David Hogg, a survivor of last month's school shooting in Parkland, Florida, has rejected an apology from Fox News‚Ä¶ https://t.co/gW5e7P8pQs",2
@CBSNews,0.0,Mar-30-2018 23:50:01,1.0,0.0,0.0,"President Trump's unscripted remark this week about pulling out of Syria ""very soon,"" while at odds with his own po‚Ä¶ https://t.co/68DddelJOg",3
@CBSNews,0.3182,Mar-30-2018 23:30:01,0.881,0.0,0.119,A Florida jury deliberated for just over 12 hours before acquitting the widow of the Pulse nightclub shooter‚Ä¶ https://t.co/h1tGOOQCIt,4
@CBSNews,-0.9325,Mar-30-2018 23:10:01,0.533,0.467,0.0,"A roadside bomb killed one American and one British soldier Friday, the first U.S. combat death in Syria this year‚Ä¶ https://t.co/DqozbJrXCZ",5
@CBSNews,-0.6597,Mar-30-2018 22:57:54,0.803,0.197,0.0,"One man traveled 6,500 miles to confront the West African man who tried to scam him on the internet -- and then, a‚Ä¶ https://t.co/22zQnyfXoV",6
@CBSNews,0.0,Mar-30-2018 22:45:38,1.0,0.0,0.0,"RT @CBSEveningNews: ‚ÄúThe hours that I am putting in, I don't think I can sustain for much longer.‚Äù 

Teachers in Kentucky, Arizona and Okla‚Ä¶",7
@CBSNews,-0.7906,Mar-30-2018 22:42:41,0.72,0.28,0.0,"At least 15 Palestinians were killed, and more than 1,000 wounded fighting Israeli troops along the Gaza border on‚Ä¶ https://t.co/vQvZdE2xv5",8
@CBSNews,-0.7906,Mar-30-2018 22:41:31,0.731,0.269,0.0,RT @CBSEveningNews: At least 15 Palestinians were killed and more than a thousand wounded fighting Israeli troops along the Gaza border. To‚Ä¶,9
@CBSNews,-0.8402,Mar-30-2018 22:39:21,0.609,0.391,0.0,"Neither officer involved in fatal 2016 Alton Sterling shooting will face criminal charges; Officer Blane Salamoni,‚Ä¶ https://t.co/57XVFsKtKT",10
@CBSNews,-0.34,Mar-30-2018 22:35:50,0.897,0.103,0.0,"Attorney Ben Crump: ""The narrative that had been put forth is that they had to open fire because [Clark] was chargi‚Ä¶ https://t.co/ZBdRkuN6au",11
@CBSNews,0.0,Mar-30-2018 22:34:37,1.0,0.0,0.0,The family of Stephon Clark says the results of an autopsy they had done are at odds with the police version of the‚Ä¶ https://t.co/6zCLeuj8pM,12
@CBSNews,0.4404,Mar-30-2018 22:30:00,0.888,0.0,0.112,"RT @CBSEveningNews: We‚Äôre on the air in the East. @JeffGlor is live from Studio 57 in NYC
Thanks for being with us #OriginalReporting #CBSE‚Ä¶",13
@CBSNews,0.4767,Mar-30-2018 22:23:24,0.846,0.0,0.154,"NEW: ""Officer Blane Salamoni has been terminated from the Baton Rouge Police Department, effective today,"" police c‚Ä¶ https://t.co/AG9jnzFPzn",14
@CBSNews,0.0,Mar-30-2018 22:20:01,1.0,0.0,0.0,Man who allegedly escaped federal custody -- as he was about to be deported to Senegal -- has been captured by immi‚Ä¶ https://t.co/vH2dEThCQM,15
@CBSNews,-0.4939,Mar-30-2018 22:10:25,0.849,0.151,0.0,"""Fear cannot be a driver for an officer's response to every incident,"" Baton Rouge police chief says, addressing po‚Ä¶ https://t.co/HDkIBAV3gP",16
@CBSNews,0.0,Mar-30-2018 22:08:22,1.0,0.0,0.0,"WATCH: ""On the advice of his attorney, Officer Salamoni chose not to answer any of our questions,"" Baton Rouge poli‚Ä¶ https://t.co/wzZlIaAKDY",17
@CBSNews,0.0,Mar-30-2018 22:00:02,1.0,0.0,0.0,"By day, an accountant; by night, he took to the ice to debut as the Chicago Blackhawks' goalie‚Ä¶ https://t.co/pt5SXukMou",18
@CBSNews,0.0,Mar-30-2018 21:40:01,1.0,0.0,0.0,Most 17 year olds are thinking about prom. She's trying to decide between the nine Ph.D. programs that've offered h‚Ä¶ https://t.co/yupBPBE5pJ,19
@CBSNews,0.0,Mar-30-2018 21:20:01,1.0,0.0,0.0,"Last year, LaGuardia Airport had the highest rate of flight cancellations, at 3.2 percent, among the 25 busiest air‚Ä¶ https://t.co/mJDEBHBkcW",20
@CBSNews,-0.6705,Mar-30-2018 21:00:02,0.78,0.22,0.0,"Fourteen Palestinians killed in clashes with Israeli forces, as thousands of Palestinians marched to Gaza's border‚Ä¶ https://t.co/UH7SFGUdoh",21
@CBSNews,0.5267,Mar-30-2018 20:44:05,0.827,0.0,0.173,Looking to increase your energy during your workout? What you eat before you head to the gym could make all the dif‚Ä¶ https://t.co/TOWWYGqsUb,22
@CBSNews,0.0,Mar-30-2018 20:01:38,1.0,0.0,0.0,"Two summers ago, 10-year-old Caleb Schwab was decapitated on ""Verruckt,"" the world's largest water slide. Now, thre‚Ä¶ https://t.co/zaQwNmiHEV",23
@CBSNews,-0.128,Mar-30-2018 19:42:29,0.7,0.181,0.119,"After 11 advertisers drop Laura Ingraham, supporters of the conservative TV host are now calling for a boycott of t‚Ä¶ https://t.co/nGNqPUjv7z",24
@CBSNews,0.4215,Mar-30-2018 19:10:30,0.843,0.0,0.157,"Sister Jean, Loyola-Chicago's adored 98-year-old team chaplain, is politely trash-talking Michigan ahead of the sch‚Ä¶ https://t.co/xvTIW20CXf",25
@CBSNews,-0.0516,Mar-30-2018 18:50:01,0.915,0.085,0.0,"2 ISIS fighters from a cell known for beheading hostages are breaking their silence:
https://t.co/EdVe9VdJzO https://t.co/zXHql75uU5",26
@CBSNews,0.0,Mar-30-2018 18:30:01,1.0,0.0,0.0,"Arnold Schwarzenegger has undergone heart surgery, but contrary to some reports, it was a planned procedure, accord‚Ä¶ https://t.co/8xqwZJgGTA",27
@CBSNews,-0.5423,Mar-30-2018 18:06:23,0.844,0.156,0.0,"""Each none of these bullets independently possessed a fatal capacity. Meaning, that out of them, all he needed to h‚Ä¶ https://t.co/L9KuhbZn2Y",28
@CBSNews,0.0,Mar-30-2018 18:03:28,1.0,0.0,0.0,MORE: Dr. Bennet Omalu says he concluded Stephon Clark was shot 7 times in the back https://t.co/z3yFByQrVw https://t.co/duSPuHB31E,29
@CBSNews,0.0,Mar-30-2018 18:01:45,1.0,0.0,0.0,"""The second autopsy -- there were a total of 8 gunshot wounds. A total of 8 gunshot wounds, meaning that he was hit‚Ä¶ https://t.co/DlSWxXJYhB",30
@CBSNews,0.0,Mar-30-2018 17:57:12,1.0,0.0,0.0,"WATCH LIVE: Sacramento officials hold a press conference, where Stephon Clark's autopsy results are expected to be‚Ä¶ https://t.co/asDRpQOMQv",31
@CBSNews,0.5267,Mar-30-2018 17:45:02,0.794,0.0,0.206,7 Roman Catholic devotees in the Philippines were nailed to wooden crosses in a Good Friday reenactment of Jesus Ch‚Ä¶ https://t.co/BDPTx5pwzQ,32
@CBSNews,-0.8271,Mar-30-2018 17:30:01,0.674,0.326,0.0,3 Las Vegas teenagers on spring break died in a fiery crash in Southern California after their car was hit by a sus‚Ä¶ https://t.co/mOygeQVJto,33
@CBSNews,0.1655,Mar-30-2018 17:15:01,0.93,0.0,0.07,Parkland school shooter Nikolas Cruz has been getting piles of fan mail while he sits in jail -- but he hasn't been‚Ä¶ https://t.co/2SLoOK6cdH,34
@CBSNews,-0.6705,Mar-30-2018 16:58:31,0.769,0.231,0.0,"12 people have been killed  in Israel-Gaza clashes along the border, Palestinian Health Ministry says‚Ä¶ https://t.co/XFMQ7aWELY",35
@CBSNews,0.0,Mar-30-2018 16:52:56,1.0,0.0,0.0,"RT @CBSEveningNews: While @OnTheRoadCBS in Africa our Steve Hartman came across the 'Daily Talk"" chalkboard on the busiest street in Monrov‚Ä¶",36
@CBSNews,0.4767,Mar-30-2018 16:41:02,0.846,0.0,0.154,"A 48-foot section of the ""holy grail of shipwrecks"" has washed ashore on a Florida beach, thrilling researchers who‚Ä¶ https://t.co/j7lmzgOKBy",37
@CBSNews,-0.8481,Mar-30-2018 16:25:01,0.62,0.38,0.0,"The Vatican is denying that Pope Francis told an Italian journalist that ""there is no hell"" https://t.co/2lBJdM9gna https://t.co/BYjyjvFDpd",38
@CBSNews,0.3818,Mar-30-2018 16:08:00,0.874,0.0,0.126,"In a clear signal to the West, Russia released video today of a test launch of a new intercontinental ballistic mis‚Ä¶ https://t.co/GQ5pd48er6",39
@CBSNews,-0.1531,Mar-30-2018 15:50:32,0.914,0.086,0.0,"A 19,000-pound space station is falling toward Earth and scientists project it may land sometime between Saturday a‚Ä¶ https://t.co/0V84xoyDzL",40
@CBSNews,-0.6705,Mar-30-2018 15:35:01,0.769,0.231,0.0,"American service member killed in Syria roadside bombing, U.S. military official confirms to CBS News‚Ä¶ https://t.co/Liu7lEzydg",41
@CBSNews,0.5106,Mar-30-2018 15:20:01,0.852,0.0,0.148,A search and rescue team of 9 people and a cadaver dog are searching the area where an SUV plunged off a California‚Ä¶ https://t.co/bGMsAqXLf9,42
@CBSNews,0.2732,Mar-30-2018 15:04:56,0.913,0.0,0.087,"""We have a little slogan we say, 'Worship, work and win.' We need to do all of those things. God always hears, but‚Ä¶ https://t.co/M7KiCbT1QM",43
@CBSNews,0.0,Mar-30-2018 15:01:23,1.0,0.0,0.0,"WATCH LIVE: Sister Jean Schmidt, Loyola-Chicago's team chaplain, gives a press conference ahead of the #FinalFour‚Ä¶ https://t.co/w4Vi7Oz8MY",44
@CBSNews,-0.8439,Mar-30-2018 14:56:56,0.676,0.324,0.0,"""I feel so bad for themI lost a child, I know how it feels,‚Äù Noor Salman‚Äôs cousin says to victims of Pulse nightclu‚Ä¶ https://t.co/NnFdJTQcak",45
@CBSNews,0.34,Mar-30-2018 14:53:07,0.912,0.0,0.088,"""I said from day one that she was innocent and that I will stand here in front of you when the jury comes up with t‚Ä¶ https://t.co/9yyHq4zqCX",46
@CBSNews,0.0534,Mar-30-2018 14:50:36,0.75,0.139,0.111,"""The family wants to first say we are very sorry for the family members and friends of the 49 victims of the Pulse‚Ä¶ https://t.co/xFzLfWhgOe",47
@CBSNews,-0.1808,Mar-30-2018 14:42:04,0.758,0.153,0.088,"Noor Salman, the wife of the Pulse nightclub shooter, cried when the not guilty verdict was read and so did the fam‚Ä¶ https://t.co/W6Fq4UYKFL",48
@CBSNews,0.3612,Mar-30-2018 14:39:20,0.844,0.0,0.156,"""I think many people will be surprised by the verdict, and perhaps others who followed the trial more closely won't‚Ä¶ https://t.co/W6IolJGwhm",49
@CBSNews,0.3252,Mar-30-2018 14:35:17,0.896,0.0,0.104,"NEW: Noor Salman, the wife of Pulse nightclub shooter Omar Mateen, found not guilty of aiding her husband with the‚Ä¶ https://t.co/pNTpXnAJD7",50
@CBSNews,0.0,Mar-30-2018 14:17:31,1.0,0.0,0.0,"WATCH: SpaceX Falcon 9 rocket launches into space from Vandenberg Air Force Base in California, carrying 10 communi‚Ä¶ https://t.co/0rNRzxM0RK",51
@CBSNews,0.4019,Mar-30-2018 14:15:01,0.856,0.0,0.144,Investigators on special counsel Robert Mueller's team have been asking questions about the 2016 Republican Nationa‚Ä¶ https://t.co/J3G9omw3jP,52
@CBSNews,0.3818,Mar-30-2018 14:03:59,0.796,0.0,0.204,"NEW: Jurors have reached a verdict in the trial of Noor Salman, the widow of the Pulse nightclub shooter; verdict e‚Ä¶ https://t.co/IC13CZMUAt",53
@CBSNews,-0.5267,Mar-30-2018 14:00:02,0.794,0.206,0.0,"Russian ships are lurking around underwater communications cables, causing the U.S. and its allies to worry the Kre‚Ä¶ https://t.co/VTBt6bBJ78",54
@CBSNews,-0.8126,Mar-30-2018 13:45:19,0.682,0.318,0.0,"Hard numbers:
‚ñ™Ô∏è70: Estimated 70% of guns recovered at crime scenes in Mexico crime since 2009 were purchased in th‚Ä¶ https://t.co/3vYMH9fZ4K",55
@CBSNews,0.4215,Mar-30-2018 13:45:01,0.865,0.0,0.135,Walmart's appeal is gaining among Democrats as a majority of shoppers who identify as Democrats now say they would‚Ä¶ https://t.co/UFKVL7OOLv,56
@CBSNews,-0.8316,Mar-30-2018 13:38:55,0.747,0.253,0.0,Next¬†week marks 50 years¬†since the nation was gripped by¬†the death of Martin Luther King Jr. His death was met by a‚Ä¶ https://t.co/uXC8t3p0PQ,57
@CBSNews,0.0,Mar-30-2018 13:30:01,1.0,0.0,0.0,"Scott Foster, a 36-year-old accountant-turned-emergency Chicago Blackhawks goalie, stars in his NHL debut:‚Ä¶ https://t.co/l5ftf0i9UB",58
@CBSNews,0.2263,Mar-30-2018 13:15:03,0.769,0.095,0.136,Federal grand jury charges Texas pastor and Louisiana financial planner with bilking investors out of more than $1‚Ä¶ https://t.co/pZ89kgSNSz,59
@CBSNews,-0.743,Mar-30-2018 13:00:02,0.73,0.27,0.0,Schools in several of Kentucky's largest counties were forced to close Friday when teachers angered by the passage‚Ä¶ https://t.co/IemRxEG6oE,60
@CBSNews,0.0,Mar-30-2018 12:40:01,1.0,0.0,0.0,"Russia goes beyond tit-for-tat in diplomatic duel with U.S., ordering 60 U.S. diplomats out of the country and clos‚Ä¶ https://t.co/kuMzGf0NOj",61
@CBSNews,0.0,Mar-30-2018 12:38:57,1.0,0.0,0.0,Sunday Times royal correspondent Roya Nikkhah joins @CBSThisMorning from London to discuss: https://t.co/CEtJkHhQsk,62
@CBSNews,0.0,Mar-30-2018 12:34:22,1.0,0.0,0.0,"The royal wedding is 50 days away, and we're starting to learn who Prince Harry and Meghan Markle are including in‚Ä¶ https://t.co/jdqKkyVVBY",63
@CBSNews,0.3612,Mar-30-2018 12:25:30,0.736,0.1,0.165,RT @CBSThisMorning: .@CBSSports says the @Marlins and @Cubs honored victims of the Stoneman Douglas High School shooting during yesterday's‚Ä¶,64
@CBSNews,0.0,Mar-30-2018 12:21:33,1.0,0.0,0.0,President Trump is expected to sign an online sex trafficking bill in the coming days. It would penalize websites t‚Ä¶ https://t.co/codkgFFTCP,65
@CBSNews,0.0,Mar-30-2018 12:20:01,1.0,0.0,0.0,Wisconsin health officials are reviewing Milwaukee's lead prevention program after several reports highlighted defi‚Ä¶ https://t.co/oswrIPFjY5,66
@CBSNews,0.6597,Mar-30-2018 12:12:46,0.803,0.0,0.197,Dating app technology puts the power to meet people in the palm of your hand. The same idea is helping pair dogs in‚Ä¶ https://t.co/qTBozQxWlO,67
@CBSNews,-0.6249,Mar-30-2018 12:07:08,0.681,0.319,0.0,Nearly a half-million students in Oklahoma could miss school Monday because of a threatened teacher's strike. Teach‚Ä¶ https://t.co/xpGQGTYO7I,68
@CBSNews,-0.4019,Mar-30-2018 12:00:02,0.856,0.144,0.0,"Federal prosecutors say they captured a sex cult leader who allegedly recruited Hollywood stars and enslaved women,‚Ä¶ https://t.co/v4FLyTXHYf",69
@CBSNews,0.3612,Mar-30-2018 11:47:16,0.884,0.0,0.116,"RT @CBSThisMorning: ‚û°Ô∏è EPA plans to ease Obama-era fuel standards

‚û°Ô∏è @UnderArmour is investigating a massive cyber breach that affects abo‚Ä¶",70
@CBSNews,0.3818,Mar-30-2018 11:43:57,0.885,0.0,0.115,Parents in Milwaukee say city leaders aren't doing enough to protect their kids from lead. More than 11% of Milwauk‚Ä¶ https://t.co/bDbk0DObvm,71
@CBSNews,-0.7003,Mar-30-2018 11:40:01,0.691,0.309,0.0,"Stephon Clark's family to file federal lawsuit over police shooting death, lawyers say https://t.co/Su1UoszQI8 https://t.co/bswbke909L",72
@CBSNews,-0.4404,Mar-30-2018 11:35:37,0.717,0.177,0.106,"The man at the center of the popular podcast, ""Serial,"" will get a new murder trial. A jury convicted Adnan Syed in‚Ä¶ https://t.co/EOxVcEx8iT",73
@CBSNews,-0.6486,Mar-30-2018 11:20:37,0.632,0.269,0.099,A judge ruled coffee shops must serve coffee with a cancer warning in California. Chains like Starbucks and Whole F‚Ä¶ https://t.co/tqER2XZ7RE,74
@CBSNews,-0.0516,Mar-30-2018 11:20:01,0.851,0.08,0.069,It's a tough time for the world's largest social network. Here's a breakdown of the biggest challenges Facebook is‚Ä¶ https://t.co/rOm1pG6b9U,75
@CBSNews,-0.2263,Mar-30-2018 11:17:53,0.921,0.079,0.0,Lawyers for the family of Stephon Clark tell CBS News they plan to file a federal lawsuit as soon as Friday over hi‚Ä¶ https://t.co/0oXb8Ieok7,76
@CBSNews,0.0,Mar-30-2018 11:16:41,1.0,0.0,0.0,A federal judge says adult film star Stormy Daniels' lawyer cannot depose President Trump about his client's non-di‚Ä¶ https://t.co/5mz3QFhZsJ,77
@CBSNews,0.0,Mar-30-2018 11:12:50,1.0,0.0,0.0,Senior foreign affairs correspondent and @FaceTheNation moderator @margbrennan joins @CBSThisMorning from Washingto‚Ä¶ https://t.co/Fm50o9aJrq,78
@CBSNews,-0.6597,Mar-30-2018 11:10:53,0.748,0.252,0.0,The American ambassador to Russia is protesting Moscow's one-for-one response in the diplomatic fight over the pois‚Ä¶ https://t.co/as9QKzxlhQ,79
@CBSNews,0.0,Mar-30-2018 11:08:08,1.0,0.0,0.0,"Just hours before the bombing, President Trump said the U.S. will end its military presence in Syria ‚Äúvery soon.The‚Ä¶ https://t.co/0WcMhZdaRQ",80
@CBSNews,-0.8271,Mar-30-2018 11:05:46,0.675,0.325,0.0,"The U.S. military says 2 coalition members were killed by a roadside bomb Thursday night, and 5 others were wounded‚Ä¶ https://t.co/70PP2IuhXA",81
@CBSNews,0.0,Mar-30-2018 11:00:01,1.0,0.0,0.0,"President Trump is leading the U.S. into re-negotiating trade deals, and Rep. Marcy Kaptur says he's on the right t‚Ä¶ https://t.co/1DhNUE8zl3",82
@CBSNews,0.0,Mar-30-2018 10:52:17,1.0,0.0,0.0,RT @CBSThisMorning: Here's a preview of what's next on @CBSThisMorning. https://t.co/rszGW2Cd5s,83
@CBSNews,0.8555,Mar-30-2018 10:45:00,0.704,0.0,0.296,"Many swipe right to look for love, so why not puppy love? Ahead on @CBSThisMorning, learn about the app that's matc‚Ä¶ https://t.co/eotB9Gbn1w",84
@CBSNews,-0.6705,Mar-30-2018 10:35:01,0.809,0.191,0.0,The U.S. military says two coalition personnel have been killed and five were wounded by a roadside bombing in Syri‚Ä¶ https://t.co/GaoZPGOlPG,85
@CBSNews,-0.2648,Mar-30-2018 10:20:01,0.897,0.103,0.0,Trump administration ends automatic release of most pregnant women charged with being in the U.S. illegally while t‚Ä¶ https://t.co/yFRlcEdzFm,86
@CBSNews,-0.7184,Mar-30-2018 10:03:04,0.571,0.429,0.0,Prison junk food prices probed after capos' complaints https://t.co/szDsudkOw7 https://t.co/4MKgwwmiQX,87
@CBSNews,0.0,Mar-30-2018 09:48:03,1.0,0.0,0.0,Parkland shooter's brother gets probation for trespassing at Marjory Stoneman Douglas https://t.co/0vxUo8FNhl https://t.co/wAZdMXsMLJ,88
@CBSNews,-0.5423,Mar-30-2018 09:33:03,0.741,0.259,0.0,"New Orleans mayor knocks Trump, says election ""emboldened"" racists https://t.co/swIIBt1I2Z https://t.co/WHP8HWTf0a",89
@CBSNews,-0.5859,Mar-30-2018 09:18:03,0.652,0.348,0.0,Judge rejects Saudi Arabia's attempt to toss 9/11 lawsuits https://t.co/LBuboN2MMu https://t.co/Efx0P2oxBk,90
@CBSNews,0.0,Mar-30-2018 09:03:04,1.0,0.0,0.0,U.S. stocks rally to close out wild week https://t.co/E3eAutwK6N https://t.co/bO8na3LXrc,91
@CBSNews,-0.802,Mar-30-2018 08:48:03,0.631,0.369,0.0,"New Jersey judge asked woman if she crossed legs to stop sex assault, complaint alleges https://t.co/EWJyx4OqXm https://t.co/GEk1fJX27j",92
@CBSNews,-0.6705,Mar-30-2018 08:44:04,0.71,0.29,0.0,Palestinians say farmer killed as Israeli tank fires on Gaza https://t.co/wG9JfEdpMn https://t.co/4QeKTXQGaW,93
@CBSNews,0.0,Mar-30-2018 08:33:04,1.0,0.0,0.0,"Jeb Bush says President Trump is ""Republican in basically name only"" https://t.co/bVwl342mED https://t.co/9Qm1viVQvs",94
@CBSNews,0.0,Mar-30-2018 08:18:03,1.0,0.0,0.0,Neighbors say they reported parents before deadly plunge off California cliff https://t.co/0jvCkjzcU1 https://t.co/W0RnYIPxj7,95
@CBSNews,-0.7351,Mar-30-2018 08:03:04,0.519,0.387,0.094,"DMX sentenced to a year in prison for tax fraud, plays song in court https://t.co/DrQPzApwEf https://t.co/lZtWLGFfpL",96
@CBSNews,-0.25,Mar-30-2018 07:48:03,0.645,0.218,0.137,Does the post office lose money on Amazon? https://t.co/Aba2MfjyoW https://t.co/Mm0kB7Dfq0,97
@CBSNews,0.3182,Mar-30-2018 07:33:04,0.85,0.0,0.15,"Fact check: Trump's White House stretches truth on Census changes, AP finds https://t.co/BChyzBb8wf https://t.co/tUL33iEXnA",98
@CBSNews,-0.5423,Mar-30-2018 07:18:03,0.8,0.2,0.0,"""Don't make me go back"": Troubling allegations emerge after family's SUV cliff plunge https://t.co/kTqO8GBupm https://t.co/gqGHZUKq14",99
@CBSNews,-0.296,Mar-30-2018 07:03:04,0.872,0.128,0.0,"Terry J. Albury, former FBI agent in Minneapolis, accused of leaking files to media https://t.co/TPMinimLwR https://t.co/UAuh5WYTMz",100
@CNN,0.0,Mar-31-2018 00:34:05,1.0,0.0,0.0,Former California governor and film star Arnold Schwarzenegger had open-heart surgery in California to replace a fa‚Ä¶ https://t.co/ilWRCPSyuH,1
@CNN,0.6808,Mar-31-2018 00:22:11,0.781,0.0,0.219,This 17-year-old applied to 20 of the best universities in the US and was admitted to every single one with a full‚Ä¶ https://t.co/70VGFaqbhE,2
@CNN,0.4215,Mar-31-2018 00:12:33,0.877,0.0,0.123,"US Ambassador to the United Nations Nikki Haley gave Karen Pierce, the UK's first female ambassador to the UN, a wa‚Ä¶ https://t.co/UKHHdYFnCv",3
@CNN,-0.7783,Mar-31-2018 00:11:53,0.57,0.43,0.0,Coffee may come with a cancer warning label in California https://t.co/BHrE6r8LnS https://t.co/YOVgknEY8c,4
@CNN,-0.5267,Mar-30-2018 23:56:00,0.671,0.238,0.091,Exclusive: On board the 'Doomsday' plane that can wage nuclear war https://t.co/lwvbG4vTJo https://t.co/3OYg8dnklf,5
@CNN,-0.34,Mar-30-2018 23:50:58,0.707,0.185,0.109,"President Trump designates April as ""Second Chance Month"" for people with criminal records https://t.co/7d7tzIidZK https://t.co/OVthlIfV8Q",6
@CNN,0.0,Mar-30-2018 23:35:26,1.0,0.0,0.0,"The attorneys for the family of Alton Sterling are speaking in Baton Rouge, Louisiana, following the police press c‚Ä¶ https://t.co/p8AJCD4fPj",7
@CNN,-0.5267,Mar-30-2018 23:28:39,0.848,0.152,0.0,"The White House is frustrated with the EPA's Scott Pruitt, the already embattled Cabinet secretary who is under scr‚Ä¶ https://t.co/Bk5ioNiNhA",8
@CNN,-0.5859,Mar-30-2018 23:13:26,0.787,0.213,0.0,President Donald Trump has issued a proclamation designating April as National Sexual Assault Awareness month‚Ä¶ https://t.co/kJLTw5PY4D,9
@CNN,0.25,Mar-30-2018 23:08:07,0.875,0.0,0.125,How Steve Bannon used Cambridge Analytica to further his alt-right vision for America https://t.co/iB1mHKZT7z https://t.co/uY8u1AbqFj,10
@CNN,0.2023,Mar-30-2018 22:55:25,0.904,0.0,0.096,Jim Carrey has been trolling Trump and the GOP with paintings. Here are the top 11 https://t.co/MHqgAuAyf7 https://t.co/L2Zlql8mD2,11
@CNN,0.0,Mar-30-2018 22:36:22,1.0,0.0,0.0,"Walmart is in the early stages of talks to buy the health insurance giant Humana, according to a Wall Street Journa‚Ä¶ https://t.co/VIggyj5nji",12
@CNN,-0.5423,Mar-30-2018 22:29:51,0.844,0.156,0.0,"BREAKING: Baton Rouge Police Officer Blane Salamoni, one of two officers involved in the fatal shooting of Alton St‚Ä¶ https://t.co/F9u1UNG5x2",13
@CNN,0.0,Mar-30-2018 22:20:42,1.0,0.0,0.0,David Shulkin wants to tell his side of the story -- and he's speaking out everywhere https://t.co/RCkHV2SPjX https://t.co/75xGMw1eIH,14
@CNN,-0.5423,Mar-30-2018 22:14:15,0.844,0.156,0.0,"Baton Rouge Police Officer Blane Salamoni, one of two officers involved in the fatal shooting of Alton Sterling, wi‚Ä¶ https://t.co/sgYOZYRKAp",15
@CNN,-0.7351,Mar-30-2018 22:09:57,0.644,0.356,0.0,Will the spate of lawsuits against fringe media stop the flow of conspiracy theories? https://t.co/jzCSTqu115 https://t.co/PPTPB1a3Wa,16
@CNN,-0.5106,Mar-30-2018 21:59:14,0.791,0.15,0.059,The simple act of getting a haircut can end up being an assault on the senses for some. This barber soothed a child‚Ä¶ https://t.co/VdVwpyVLve,17
@CNN,0.0,Mar-30-2018 21:48:06,1.0,0.0,0.0,"Four videos recorded the night an officer shot Alton Sterling in 2016 were released by Baton Rouge police.

The rec‚Ä¶ https://t.co/SHRcuSe7iY",18
@CNN,0.3612,Mar-30-2018 21:38:54,0.872,0.0,0.128,"Dr. Bennet Omalu, a pioneering pathologist credited with discovering CTE, spoke Friday about the findings of his th‚Ä¶ https://t.co/vDPqMjycHB",19
@CNN,0.0,Mar-30-2018 21:32:54,1.0,0.0,0.0,"RT @CNNSitRoom: ""I have the patience to wait until Mueller and his professionals come back with a recommendation of what in fact happened,""‚Ä¶",20
@CNN,0.1027,Mar-30-2018 21:28:29,0.722,0.128,0.15,"Venezuelans lack Communion wafers this Easter, so a Colombian church stepped in to help https://t.co/cXY7l1pnyi https://t.co/PYzmm3cQQK",21
@CNN,-0.296,Mar-30-2018 21:17:31,0.744,0.153,0.103,"These days, politics is about what you hate as much as what you like | Analysis by CNN's Sam Petulla‚Ä¶ https://t.co/2ua2J9y2TQ",22
@CNN,-0.1027,Mar-30-2018 21:15:24,0.714,0.172,0.113,The FBI detained and questioned Trump ally Ted Malloch this week as part of special counsel Robert Mueller's invest‚Ä¶ https://t.co/OTRZuunDYS,23
@CNN,-0.4767,Mar-30-2018 21:09:08,0.83,0.17,0.0,The FBI this week detained and questioned Ted Malloch -- who says he was an informal Trump campaign adviser in 2016‚Ä¶ https://t.co/4ETAWMHGuL,24
@CNN,0.1779,Mar-30-2018 21:01:16,0.837,0.065,0.098,"Fifty years ago, on the last day of March, President Lyndon Johnson stunned the nation with a surprise decision not‚Ä¶ https://t.co/ri5ZsyJH7I",25
@CNN,-0.2732,Mar-30-2018 20:53:55,0.707,0.148,0.145,"RT @TheLeadCNN: Rep. Esty, who has apologized after she kept on a top aide for several months despite having learned of abuse allegations a‚Ä¶",26
@CNN,0.3089,Mar-30-2018 20:52:00,0.847,0.0,0.153,Rep. Elizabeth Esty says she won't resign after apologizing for keeping on an aide for several months after learnin‚Ä¶ https://t.co/pq3Tx8tqjF,27
@CNN,0.5719,Mar-30-2018 20:51:02,0.773,0.0,0.227,"President Trump's ""mini me"" could (partly) fill the void that long-time top aide Hope Hicks leaves behind‚Ä¶ https://t.co/bfbmdEqgA7",28
@CNN,0.0,Mar-30-2018 20:41:56,1.0,0.0,0.0,"RT @TheLeadCNN: ""What I've not seen from this President is any indication whatsoever that he is willing to use the instruments of power tha‚Ä¶",29
@CNN,0.0,Mar-30-2018 20:40:22,1.0,0.0,0.0,"""Clueless"" star and former Fox News commentator Stacey Dash is withdrawing her congressional bid‚Ä¶ https://t.co/uFHyDGkZrk",30
@CNN,-0.4019,Mar-30-2018 20:30:22,0.87,0.13,0.0,The Utah Jazz's home arena is opening a sensory-inclusive space for fans with autism spectrum disorder and other in‚Ä¶ https://t.co/S1chLvCHSb,31
@CNN,-0.2023,Mar-30-2018 20:24:21,0.913,0.087,0.0,"Here are some of iOS 11.3's features you should know about:
- You can turn off the controversial iPhone-slowing fea‚Ä¶ https://t.co/1DyFic0C2i",32
@CNN,0.0,Mar-30-2018 20:24:07,1.0,0.0,0.0,"RT @TheLeadCNN: Russia released video footage of a test launch of its new ""Satan 2"" intercontinental ballistic missile https://t.co/M49YiOw‚Ä¶",33
@CNN,-0.2023,Mar-30-2018 20:09:11,0.893,0.107,0.0,Federal authorities have charged the pastor of a Texas megachurch and a Louisiana financial planner with defrauding‚Ä¶ https://t.co/GUYy99hyh7,34
@CNN,0.0,Mar-30-2018 19:54:34,1.0,0.0,0.0,Ethan Sonneborn is 13 and he's running to be the next governor of Vermont https://t.co/ulz7Nu40xs https://t.co/ssTwFIHAB4,35
@CNN,0.3818,Mar-30-2018 19:54:28,0.669,0.114,0.217,"""We're just scared of the water..."" Welcome to Martin County, Kentucky, where the tap water smells like diesel fuel‚Ä¶ https://t.co/7M0VmN7STW",36
@CNN,0.0,Mar-30-2018 19:44:00,1.0,0.0,0.0,A company donated $29 million in cryptocurrency to cover every single teacher request on a crowdfunding site https://t.co/iQU2aeav5h,37
@CNN,0.4215,Mar-30-2018 19:31:03,0.823,0.0,0.177,Why Trump and the GOP are gaining | By Scott Jennings via @CNNOpinion https://t.co/fwYLVuR2cy https://t.co/FTRiUkE20v,38
@CNN,0.0,Mar-30-2018 19:21:05,1.0,0.0,0.0,"About 2.5% of people who went to the doctor in the week ending March 24 had flu-like symptoms, the CDC says https://t.co/vbEUoa46kx",39
@CNN,0.0,Mar-30-2018 19:14:47,1.0,0.0,0.0,What Walmart doesn't get about #MeToo | By Melissa Blake via @CNNOpinion https://t.co/Qx7VSF4L4L https://t.co/JEArcd6uzl,40
@CNN,-0.5267,Mar-30-2018 19:04:03,0.794,0.206,0.0,A woman in Texas was sentenced to a five-year prison term for voting illegally in the 2016 presidential election wh‚Ä¶ https://t.co/pWezjEjZIu,41
@CNN,0.6808,Mar-30-2018 18:57:48,0.781,0.0,0.219,"After almost two months, the US State Department has approved a visa for an Iranian man to come to the United State‚Ä¶ https://t.co/kPahAdXuXN",42
@CNN,0.0,Mar-30-2018 18:47:12,1.0,0.0,0.0,Former California governor and film star Arnold Schwarzenegger had open-heart surgery in California to replace a fa‚Ä¶ https://t.co/Nl5hsFytef,43
@CNN,0.8074,Mar-30-2018 18:47:08,0.717,0.0,0.283,"If President Trump makes good on his promise to get out of Syria ""very soon,"" one of the biggest winners will be Ru‚Ä¶ https://t.co/S7Ks0hQtf0",44
@CNN,0.0516,Mar-30-2018 18:35:08,0.714,0.136,0.15,A surprise change to teachers' pensions sparked protests in Kentucky's capital https://t.co/qt09vCyQUc https://t.co/Hj9NtUlNpN,45
@CNN,0.0,Mar-30-2018 18:28:00,1.0,0.0,0.0,He‚Äôs an algebra teacher in Oklahoma. And a bus driver. And a Little League umpire. And he drives for Uber and Lyft.‚Ä¶ https://t.co/6uwwfglQuq,46
@CNN,-0.5994,Mar-30-2018 18:22:17,0.822,0.178,0.0,"Stephon Clark was shot by Sacramento police eight times--six in his back--and his death was ""not instantaneous,"" ac‚Ä¶ https://t.co/OiG8VsUkc6",47
@CNN,-0.802,Mar-30-2018 18:13:22,0.714,0.286,0.0,"Austin's police chief now says he would label the bomber who killed two people and injured several others a ""domest‚Ä¶ https://t.co/WwTdiA5jrV",48
@CNN,0.0,Mar-30-2018 18:03:06,1.0,0.0,0.0,A group of Howard University students say they've taken control of the school's administration building in a protes‚Ä¶ https://t.co/36XrAvkJAH,49
@CNN,-0.3182,Mar-30-2018 17:49:04,0.881,0.119,0.0,Some African-American students from Marjory Stoneman Douglas High School say their voices have been ignored by the‚Ä¶ https://t.co/dDaMhW1lqi,50
@CNN,0.0,Mar-30-2018 17:39:59,1.0,0.0,0.0,A rare look inside North Korean leader Kim Jong Un's armored train https://t.co/96VupBQNee https://t.co/E7c3DzJmCn,51
@CNN,0.3818,Mar-30-2018 17:24:58,0.669,0.114,0.217,"""We're just scared of the water..."" Welcome to Martin County, Kentucky, where the tap water smells like diesel fuel‚Ä¶ https://t.co/9tfZV8cIWY",52
@CNN,0.0,Mar-30-2018 17:16:05,1.0,0.0,0.0,The Trump administration is quietly rewriting US immigration policy through a series of small moves that add up to‚Ä¶ https://t.co/YBXTLdOTlg,53
@CNN,-0.7964,Mar-30-2018 17:01:34,0.651,0.349,0.0,"Arkansas is trying to make Big Pharma pay for the opioid crisis, accusing drug manufacturers in a new lawsuit of in‚Ä¶ https://t.co/RGJDaMUOeY",54
@CNN,0.296,Mar-30-2018 16:48:34,0.798,0.069,0.133,"""She's only apologizing after a third of her advertisers pulled out,"" says Parkland survivor David Hogg, responding‚Ä¶ https://t.co/UNxGLzeuSk",55
@CNN,0.0,Mar-30-2018 16:39:51,1.0,0.0,0.0,The Trump administration will require visa applicants to submit five years of social media history https://t.co/M6qbYd6Uv1,56
@CNN,0.0,Mar-30-2018 16:30:28,1.0,0.0,0.0,Attorney Gloria Allred has withdrawn from representing Summer Zervos in her defamation suit against President Trump‚Ä¶ https://t.co/B5nHFIxFv8,57
@CNN,-0.5859,Mar-30-2018 16:24:24,0.814,0.186,0.0,"To critics who say she should ""go away"" after losing to Trump, Hillary Clinton says, ""they never said that to any m‚Ä¶ https://t.co/3RhjbE0NQh",58
@CNN,0.128,Mar-30-2018 16:18:00,0.933,0.0,0.067,"SpaceX launched another rocket on Friday, and this time it tried to land the $6 million nose cone into a giant seab‚Ä¶ https://t.co/NMBsh3OQuX",59
@CNN,0.0,Mar-30-2018 16:12:55,1.0,0.0,0.0,This Chinese space lab could plummet back to earth as early as Saturday https://t.co/ZSc6omLCy9 https://t.co/jgjCZ5IqQJ,60
@CNN,-0.5574,Mar-30-2018 15:59:15,0.825,0.175,0.0,"An off-duty police officer died Thursday in Kentucky after a man impersonating an officer shot him, police say‚Ä¶ https://t.co/20vfVWu5D6",61
@CNN,-0.4019,Mar-30-2018 15:51:00,0.886,0.114,0.0,"If you stand inside the world's quietest room for long enough, you start to hear your heartbeat. Then you lose your‚Ä¶ https://t.co/eBQKi8TPlh",62
@CNN,-0.4588,Mar-30-2018 15:42:36,0.842,0.158,0.0,This man spent more years behind bars than any other wrongfully imprisoned person in America https://t.co/L9pLu1Q6nL https://t.co/kf3WW43anM,63
@CNN,0.2263,Mar-30-2018 15:33:31,0.699,0.109,0.192,Mark Zuckerberg has disavowed an internal memo written by a top Facebook executive in 2016 that argued growth shoul‚Ä¶ https://t.co/rt6Orqn7NR,64
@CNN,0.128,Mar-30-2018 15:21:55,0.838,0.068,0.094,A Connecticut Democratic congresswoman is apologizing after she kept a top aide on her payroll for several months d‚Ä¶ https://t.co/rChtdK8tSk,65
@CNN,0.0,Mar-30-2018 15:11:43,1.0,0.0,0.0,"Russia released video footage Friday of a test launch of its new ""Satan 2"" intercontinental ballistic missile‚Ä¶ https://t.co/Ac0UqHuxfd",66
@CNN,0.4847,Mar-30-2018 15:01:07,0.828,0.0,0.172,"JUST IN: Noor Salman, the widow of the Pulse nightclub gunman, was found not guilty of charges in connection with h‚Ä¶ https://t.co/LeDjGXUeP1",67
@CNN,-0.8207,Mar-30-2018 14:51:02,0.531,0.378,0.091,"At least eight Palestinians were killed and more than 1,000 injured in confrontations with Israeli security forces‚Ä¶ https://t.co/dnAn5jY4N3",68
@CNN,-0.8225,Mar-30-2018 14:39:44,0.703,0.297,0.0,"JUST IN: A US service member was killed in an improvised explosive device attack in Syria on Thursday, an official‚Ä¶ https://t.co/zfLUB6dPzd",69
@CNN,-0.7783,Mar-30-2018 14:28:14,0.57,0.43,0.0,Coffee may come with a cancer warning label in California https://t.co/x4VA27Gloy https://t.co/ycwyKtFjd7,70
@CNN,0.0,Mar-30-2018 14:21:15,1.0,0.0,0.0,New footage shows Kim Jong Un holding court inside his armored train https://t.co/jirt7bIM1q https://t.co/Izv0nlm0s7,71
@CNN,0.0,Mar-30-2018 14:09:04,1.0,0.0,0.0,SpaceX is launching one of its Falcon 9 rockets and is expected to make an experimental attempt to guide the rocket‚Ä¶ https://t.co/CCpVW3Voo7,72
@CNN,0.0,Mar-30-2018 13:59:57,1.0,0.0,0.0,"Trump and ""Roseanne"" are making a conservative case for representation in media | Analysis by Hunter Schwarz‚Ä¶ https://t.co/asAl350Eta",73
@CNN,-0.5994,Mar-30-2018 13:46:48,0.837,0.163,0.0,Two Baton Rouge police officers involved in the 2016 shooting death of Alton Sterling are expected to learn today w‚Ä¶ https://t.co/h6e0RLJGap,74
@CNN,-0.2415,Mar-30-2018 13:36:09,0.739,0.16,0.101,China says a gang used drones to smuggle almost $80 million worth of smartphones https://t.co/689tFCKGZ6,75
@CNN,0.296,Mar-30-2018 13:26:07,0.798,0.069,0.133,"""She's only apologizing after a third of her advertisers pulled out,"" says Parkland survivor David Hogg, responding‚Ä¶ https://t.co/XZ7G5mGkCx",76
@CNN,0.3182,Mar-30-2018 13:19:29,0.839,0.0,0.161,The amount of fan mail the Parkland shooter is receiving is unreal https://t.co/gVaR06QrQZ,77
@CNN,0.1027,Mar-30-2018 13:09:17,0.722,0.128,0.15,"Venezuelans lack Communion wafers this Easter, so a Colombian church stepped in to help https://t.co/Ch7m3zb9wi https://t.co/wiNo0G3OTw",78
@CNN,-0.6808,Mar-30-2018 12:58:57,0.763,0.237,0.0,A Russian hacker suspected of stealing 117 million LinkedIn passwords in 2012 has been extradited to the US after a‚Ä¶ https://t.co/PdXRQ3g0wO,79
@CNN,-0.3849,Mar-30-2018 12:47:00,0.691,0.208,0.102,"""What kind of dumbass colleges don't want you?"" Alisyn Camerota asks Parkland survivor David Hogg, who says he was‚Ä¶ https://t.co/VkwsfeymQ2",80
@CNN,0.0,Mar-30-2018 12:33:34,1.0,0.0,0.0,A company donated $29 million in cryptocurrency to cover every single teacher request on a crowdfunding site‚Ä¶ https://t.co/tzwcncFirF,81
@CNN,-0.6143,Mar-30-2018 12:25:04,0.643,0.268,0.089,"RT @NewDay: Alisyn Camerota: What kind of dumbass colleges don't want you?

Parkland survivor and gun control activist David Hogg: They rej‚Ä¶",82
@CNN,0.0,Mar-30-2018 12:21:39,1.0,0.0,0.0,Russia's RT television network will go dark in Washington DC https://t.co/OyOaU1HHx2 https://t.co/UL5etAuOmE,83
@CNN,-0.6705,Mar-30-2018 12:09:11,0.816,0.184,0.0,"Days after five members of the same family were killed when their SUV went over a cliff, investigators are still lo‚Ä¶ https://t.co/HfUoN0Assu",84
@CNN,-0.802,Mar-30-2018 11:56:16,0.714,0.286,0.0,"Austin's police chief now says he would labeled the bomber who killed two people and injured several others a ""dome‚Ä¶ https://t.co/mdGrndhvr0",85
@CNN,0.4215,Mar-30-2018 11:43:51,0.865,0.0,0.135,"Johan van Hulst, a former Dutch senator and teacher who saved hundreds of Jewish children during the Holocaust, die‚Ä¶ https://t.co/ofuqyZ2AU1",86
@CNN,0.0258,Mar-30-2018 11:31:45,0.671,0.147,0.182,"""We're knocking the hell out of ISIS. We'll be coming out of Syria like very soon. Let the other people take care o‚Ä¶ https://t.co/0GwN6D2VAj",87
@CNN,0.296,Mar-30-2018 11:22:42,0.842,0.0,0.158,Do you dream of escaping to the country and running your own bookstore? There's an Airbnb for that‚Ä¶ https://t.co/wTpI0ceCRz,88
@CNN,0.128,Mar-30-2018 11:16:35,0.651,0.13,0.219,"If you want to stop Putin, follow the money, say CNN security analysts https://t.co/sF8HghDAkm",89
@CNN,0.4019,Mar-30-2018 11:10:08,0.856,0.0,0.144,"She chronicled her life on Instagram: her dreams, a breakup, her recovery. But it was all fake.‚Ä¶ https://t.co/LFaO9osD6S",90
@CNN,0.6369,Mar-30-2018 11:03:43,0.682,0.0,0.318,The best travel photos of 2018 (so far) https://t.co/ulIqOBeMUo https://t.co/b22ZRcPTX8,91
@CNN,0.0,Mar-30-2018 10:57:24,1.0,0.0,0.0,Bitcoin's price has slumped roughly 50% since the start of the year https://t.co/pijJ60Es4d https://t.co/4ylxLFEYel,92
@CNN,0.0,Mar-30-2018 10:45:48,1.0,0.0,0.0,This Chinese space lab could plummet back to earth as early as Saturday https://t.co/Tfn0lGXXXp https://t.co/o7jyh0A1f1,93
@CNN,-0.2263,Mar-30-2018 10:34:05,0.872,0.128,0.0,Tourists will soon be limited to three hours at the Taj Mahal https://t.co/TBmpRPJ1Uh https://t.co/kgoXmxhq6x,94
@CNN,-0.2023,Mar-30-2018 10:32:00,0.877,0.123,0.0,"Would you pay more for your shopping to tackle plastic pollution?

People in the UK could soon have to pay a deposi‚Ä¶ https://t.co/c2Gyju6jbK",95
@CNN,-0.2732,Mar-30-2018 10:22:33,0.759,0.143,0.097,Dining out frequently is known to increase one's intake of unhealthy sugars and fats. But a new study suggests that‚Ä¶ https://t.co/JyuecCrFsI,96
@CNN,-0.2023,Mar-30-2018 10:13:46,0.913,0.087,0.0,"Here are some of iOS 11.3's features you should know about:
- You can turn off the controversial iPhone-slowing fea‚Ä¶ https://t.co/mAqzVGNDoS",97
@CNN,-0.4019,Mar-30-2018 10:01:53,0.891,0.109,0.0,"If you stand in it for long enough, you start to hear your heartbeat. Then you lose your balance, because the absol‚Ä¶ https://t.co/XWTyOK5bbq",98
@CNN,0.1027,Mar-30-2018 09:50:35,0.896,0.0,0.104,A longtime public defender said he's never seen a defendant get so many letters https://t.co/WzH2qXFSUH,99
@CNN,-0.4767,Mar-30-2018 09:39:25,0.866,0.134,0.0,"There are visible, external signs that can indicate if something is wrong with your heart -- check your fingers, ea‚Ä¶ https://t.co/a40x3puz8L",100
@FoxNews,-0.7717,Mar-31-2018 00:35:55,0.621,0.379,0.0,"Police officers involved in Alton Sterling shooting, fired, suspended, police chief says https://t.co/o0LSpkPfhZ",1
@FoxNews,-0.1027,Mar-31-2018 00:29:30,0.887,0.113,0.0,".@realDonaldTrump freezing Syria funds in signal of US pullback, report says https://t.co/qE1U8G22XM",2
@FoxNews,0.0,Mar-31-2018 00:19:32,0.433,0.284,0.284,'No Justice Served': Pulse Nightclub Survivor Furious Over Acquittal of Gunman's Wife https://t.co/DqYTglAIdK,3
@FoxNews,-0.7096,Mar-31-2018 00:14:44,0.604,0.396,0.0,Democratic lawmaker asked to resign over reports of harassment 'coverup' https://t.co/anZC0rqSuv,4
@FoxNews,-0.34,Mar-31-2018 00:04:46,0.854,0.146,0.0,Actor @RealJamesWoods took to Twitter to denounce calls for repealing the Second Amendment. https://t.co/YOlWc67AqR https://t.co/nrZcx3TRqy,5
@FoxNews,-0.2732,Mar-31-2018 00:04:28,0.851,0.149,0.0,Larry Nassar victim Rachael Denhollander discusses MSU‚Äôs mishandling of the case #TheStory https://t.co/3tTZ5wjtMR,6
@FoxNews,0.0,Mar-30-2018 23:55:00,1.0,0.0,0.0,Woman gets 5 years for illegally voting in 2016 presidential election https://t.co/vCnPRImrjA,7
@FoxNews,0.0772,Mar-30-2018 23:53:26,0.613,0.215,0.172,7-year-old boy with Tourette's makes powerful video to stop teasing from classmates https://t.co/Ic0iDhrXoh,8
@FoxNews,-0.1027,Mar-30-2018 23:42:51,0.92,0.08,0.0,"Synthetic pot cases spike in Illinois, officials warn users may experience 'bleeding from eyes and ears' https://t.co/BzJBMp1IYE",9
@FoxNews,-0.34,Mar-30-2018 23:32:56,0.833,0.167,0.0,Dem Senator Believes It's 'Likely' #Trump Will Attempt to Fire Robert Mueller https://t.co/qpTayTuApf,10
@FoxNews,-0.1027,Mar-30-2018 23:28:31,0.887,0.113,0.0,"#Trump freezing Syria funds in signal of US pullback, report says https://t.co/EWk8DDDIbG",11
@FoxNews,0.0,Mar-30-2018 23:21:06,1.0,0.0,0.0,Orange County Sheriff Jerry Demings on acquittal of Pulse gunman‚Äôs wife: ‚ÄúMy initial reaction was one of...disappoi‚Ä¶ https://t.co/jDlCppKuBg,12
@FoxNews,0.6124,Mar-30-2018 23:11:34,0.792,0.0,0.208,"Tiara Parker, Pulse massacre survivor, reacts to acquittal of gunman‚Äôs wife: ‚ÄúI do feel like that there should be a‚Ä¶ https://t.co/mebTaPLI6r",13
@FoxNews,-0.119,Mar-30-2018 23:08:56,0.517,0.228,0.255,"Cancer experts say coffee is safe, despite California's new warning label requirement https://t.co/BpKFFb7N5T",14
@FoxNews,0.0,Mar-30-2018 22:58:48,1.0,0.0,0.0,".@agearan on extreme vetting: ""What makes it different is that it goes into the realm of social media. But visa app‚Ä¶ https://t.co/rGaDBRoiYH",15
@FoxNews,-0.5423,Mar-30-2018 22:49:44,0.829,0.171,0.0,"In a new op-ed, @HeyTammyBruce talks about various California policies on immigration, crime and drugs that she say‚Ä¶ https://t.co/4cJUGN4cQA",16
@FoxNews,0.1027,Mar-30-2018 22:38:44,0.814,0.081,0.105,.@RepGoodlatte on US Attorney's Probe: 'Sunlight Needs to Be Shone on Unbelievable Bias' Within FBI https://t.co/uYFal8c8DT,17
@FoxNews,0.0,Mar-30-2018 22:32:27,1.0,0.0,0.0,Blue moon to light up sky ahead of Easter https://t.co/KtBmQ2QxsB,18
@FoxNews,-0.6249,Mar-30-2018 22:28:04,0.773,0.227,0.0,.@KimStrassel: How Trump and the congressional GOP can undo the worst of the omnibus https://t.co/UPXt48jP8S,19
@FoxNews,0.0,Mar-30-2018 22:22:15,1.0,0.0,0.0,".@pdoocy on @HillaryClinton: ""The 2016 Democratic nominee who once wrote a book called 'Living History' now wishes‚Ä¶ https://t.co/iEmEG624pT",20
@FoxNews,-0.25,Mar-30-2018 22:17:11,0.818,0.182,0.0,2 alleged spies among Russians expelled by US are ID'd https://t.co/e8bPbnBbLB,21
@FoxNews,-0.296,Mar-30-2018 22:12:50,0.804,0.196,0.0,RT @FoxBusiness: #BreakingNews: Snapchat cuts 7% of its workforce https://t.co/WK7IVchc1c,22
@FoxNews,-0.0772,Mar-30-2018 22:08:00,0.674,0.169,0.157,".@GeraldoRivera: ‚ÄúBeing on the air the night Bin Laden was killed, when the announcement came, was the greatest nig‚Ä¶ https://t.co/7czqK94i0T",23
@FoxNews,0.0,Mar-30-2018 22:03:25,1.0,0.0,0.0,Traditional wooden eggs in the Rose Garden of the @WhiteHouse commemorate the 140th annual White House Easter Egg R‚Ä¶ https://t.co/981lupbsXp,24
@FoxNews,0.0,Mar-30-2018 21:53:25,1.0,0.0,0.0,"'Roseanne' revival scores renewal at ABC, report says https://t.co/sGzvdLcDQB",25
@FoxNews,0.6705,Mar-30-2018 21:48:50,0.621,0.0,0.379,"Earlier, @FLOTUS tweeted wishing people happiness and health on #GoodFriday. https://t.co/Y6bBK58XPt",26
@FoxNews,0.0772,Mar-30-2018 21:39:34,0.675,0.153,0.172,.@kimguilfoyle on @HillaryClinton‚Äôs comments at Rutgers University: ‚ÄúNobody likes a sore loser.‚Äù #TheFive‚Ä¶ https://t.co/2yvqNmSw1e,27
@FoxNews,0.6739,Mar-30-2018 21:32:18,0.789,0.0,0.211,"PURE JOY: A wheelchair swing was recently installed in a Fort Smith, Arkansas, park, and this young boy's reaction‚Ä¶ https://t.co/4Q9f1vq5Nt",28
@FoxNews,-0.2415,Mar-30-2018 21:27:04,0.735,0.158,0.107,OPINION: Don't blame @HillaryClinton -- ‚ÄòDear Madam President‚Äô makes more excuses for her election defeat https://t.co/2tNItksryJ,29
@FoxNews,-0.34,Mar-30-2018 21:23:55,0.593,0.263,0.144,.@PMorici1: Trump's got it all wrong about Amazon https://t.co/F6M8x9ODAx,30
@FoxNews,-0.5106,Mar-30-2018 21:18:24,0.583,0.417,0.0,Ohio woman shows no remorse in mugshot https://t.co/H160ohXgCf,31
@FoxNews,0.9349,Mar-30-2018 21:10:09,0.397,0.0,0.603,"""Happy Passover, Happy Easter...and God Bless America""

On Good Friday, President @realDonaldTrump wished Americans‚Ä¶ https://t.co/WnDkpLfp9u",32
@FoxNews,0.6369,Mar-30-2018 20:59:30,0.794,0.0,0.206,"RT @FoxNewsResearch: U.S. GDP ‚Üí 
- Last time:
‚Ä¢Annual growth hit 5% or higher: 1984
‚Ä¢Quarterly growth hit 5% or higher: 2014

[BEA] https:/‚Ä¶",33
@FoxNews,0.0,Mar-30-2018 20:54:04,1.0,0.0,0.0,"Stephen Colbert 'apologizes' to @realDonaldTrump, calls out CNN for 'lies' https://t.co/r7rWWjvNws",34
@FoxNews,-0.4767,Mar-30-2018 20:44:45,0.795,0.205,0.0,.@HeyTammyBruce: Poor California -- Democrats are turning the state into a major nightmare https://t.co/892OyaZaDE,35
@FoxNews,0.5719,Mar-30-2018 20:40:56,0.748,0.0,0.252,ABC spin machine goes all in on 'Roseanne' pro-Trump success story https://t.co/OZOiN7wUQ2,36
@FoxNews,-0.34,Mar-30-2018 20:37:15,0.833,0.167,0.0,Dem Senator Believes It's 'Likely' Trump Will Attempt to Fire Robert Mueller https://t.co/ACw4t3AWnG,37
@FoxNews,0.4588,Mar-30-2018 20:30:31,0.833,0.0,0.167,Twin brothers in Michigan welcome newborns on the same day: 'It was destined to be' https://t.co/P5aDCcPaEB,38
@FoxNews,0.1027,Mar-30-2018 20:21:08,0.745,0.117,0.138,.@kayleighmcenany Clashes With Dem Strategist: 'Breathtaking' That You Give @realDonaldTrump No Credit on North Kor‚Ä¶ https://t.co/pH23sUah5R,39
@FoxNews,0.0,Mar-30-2018 20:17:22,1.0,0.0,0.0,"BREAKING: ‚ÄòViolent deportee‚Äô who escaped custody at JFK airport caught, reports say  https://t.co/xo0oRw4vpG",40
@FoxNews,-0.6369,Mar-30-2018 20:12:15,0.826,0.174,0.0,".@RepMattGaetz on alleged FISA abuse: ""At the DOJ, they think that one of their own employees can investigate it. N‚Ä¶ https://t.co/STKNcq71E5",41
@FoxNews,0.296,Mar-30-2018 20:09:09,0.833,0.0,0.167,"Arnold @Schwarzenegger says, 'I'm back,' listed as stable after heart surgery https://t.co/qZ5Zg2p6gq",42
@FoxNews,-0.7717,Mar-30-2018 20:04:00,0.642,0.358,0.0,"SUNDAY, 8pm ET: The Civil War Begins on Episode 2 of 'Legends &amp; Lies' https://t.co/6wGQ8fn48g",43
@FoxNews,0.0,Mar-30-2018 19:59:27,1.0,0.0,0.0,China's Tiangong-1 space lab set to fall to Earth: What to expect https://t.co/l3FyMUN4r6,44
@FoxNews,0.0,Mar-30-2018 19:58:00,1.0,0.0,0.0,.@toddstarnes: School teacher instructs students to write anti-gun letters to Congress https://t.co/8m4cH9Nctb,45
@FoxNews,0.0,Mar-30-2018 19:53:00,1.0,0.0,0.0,".@newtgingrich: ""Once in a while, Hollywood will make a movie that appeals to middle America that'll do amazingly w‚Ä¶ https://t.co/HAjWjD5a0Y",46
@FoxNews,0.3182,Mar-30-2018 19:48:00,0.813,0.0,0.187,"Fore Putnam to President @realDonaldTrump: ""Please get my dad a kidney."" https://t.co/sdVtZ8r3aG",47
@FoxNews,-0.25,Mar-30-2018 19:44:00,0.875,0.125,0.0,Chef who carved meat during animal rights protest says he 'just kind of snapped' https://t.co/kz1R7J8vvX,48
@FoxNews,0.0,Mar-30-2018 19:41:00,1.0,0.0,0.0,"Man drinks $1,200 shot of whiskey, tries running out without paying tab  https://t.co/pLuImaCxcj",49
@FoxNews,0.0,Mar-30-2018 19:37:54,1.0,0.0,0.0,".@AxiosNick on Russia probe: ""These leaks aren't coming from Mueller. Nothing comes out of Mueller's team. These ar‚Ä¶ https://t.co/t8PnvEsLM8",50
@FoxNews,-0.3818,Mar-30-2018 19:36:00,0.684,0.192,0.124,Texas restaurant donates Friday profits to family of teen killed in hit-and-run: 'She had a heart of gold' https://t.co/x9nFOiXiag,51
@FoxNews,0.0,Mar-30-2018 19:31:00,1.0,0.0,0.0,"Stephon Clark's independent autopsy results reveal he was shot seven times, official says https://t.co/LaP5ruTVyV",52
@FoxNews,0.0,Mar-30-2018 19:26:20,1.0,0.0,0.0,"Alina Polyakova on Russia's missile test: ""I actually think the Trump administration has done quite a bit to send a‚Ä¶ https://t.co/SgCqOnbAY0",53
@FoxNews,0.0,Mar-30-2018 19:21:48,1.0,0.0,0.0,"Alina Polyakova on Russia's missile test: ""We are in a downward spiral when it comes to U.S.-Russia relations. And‚Ä¶ https://t.co/JGczVbkjYe",54
@FoxNews,0.0772,Mar-30-2018 19:14:52,0.902,0.0,0.098,"Boothe: Red State Democrats Want @HillaryClinton to 'Go Away,' GOP Does Not https://t.co/Ki0r8OKuOD",55
@FoxNews,0.7906,Mar-30-2018 19:07:27,0.65,0.0,0.35,.@dennisrodman: I hope Kim Jong Un wears a 'Make America Great Again' hat after meeting Trump https://t.co/xJA67Q6XU7,56
@FoxNews,-0.0772,Mar-30-2018 18:59:56,0.81,0.101,0.089,"RT @FoxBusiness: Outgoing Secretary of Veterans Affairs @SecShulkin claims he was seen ""as an obstacle to privatization who had to be remov‚Ä¶",57
@FoxNews,0.4019,Mar-30-2018 18:58:42,0.67,0.117,0.212,Report: Trump Warned Putin That 'I'll Win' If We Have an Arms Race https://t.co/Mlc6rP9ciq,58
@FoxNews,0.0,Mar-30-2018 18:51:47,1.0,0.0,0.0,".@RepGaramendi on @POTUS' infrastructure plan: ""We all know that if you can't move people, you can't move the econo‚Ä¶ https://t.co/rDXiw8eUrQ",59
@FoxNews,0.0,Mar-30-2018 18:48:08,1.0,0.0,0.0,President @realDonaldTrump's infrastructure plan. #DailyBriefing https://t.co/YOlWc67AqR https://t.co/XZQNnMmQ36,60
@FoxNews,0.5859,Mar-30-2018 18:47:18,0.847,0.0,0.153,"John Yoo on adding immigration status to 2020 census: ""In the end I don't think it's gonna win because if the plain‚Ä¶ https://t.co/cy1zOgpILA",61
@FoxNews,0.3182,Mar-30-2018 18:41:51,0.702,0.082,0.216,".@KatiePavlich: ""If Americans want border security, they're gonna have to pay for it."" #DailyBriefing‚Ä¶ https://t.co/WviiJFlU41",62
@FoxNews,0.2023,Mar-30-2018 18:36:03,0.899,0.0,0.101,".@ChrisStirewalt on 2016 election: ""It is important for us to remember...the Trump nation...that intensity was real‚Ä¶ https://t.co/3pHbF0iQee",63
@FoxNews,0.7003,Mar-30-2018 18:29:54,0.655,0.0,0.345,Boy's delight over new wheelchair swing at park will warm your heart https://t.co/dJ6yxEQ8b2,64
@FoxNews,-0.3818,Mar-30-2018 18:22:23,0.729,0.271,0.0,Arnold Schwarzenegger reportedly undergoes emergency heart surgery https://t.co/w9PBVeHdWv,65
@FoxNews,-0.2415,Mar-30-2018 18:13:21,0.735,0.158,0.107,OPINION: Don't blame @HillaryClinton -- ‚ÄòDear Madam President‚Äô makes more excuses for her election defeat https://t.co/lafc4aUMEf,66
@FoxNews,0.0,Mar-30-2018 18:06:28,1.0,0.0,0.0,Russian ICBM dubbed the 'Satan 2'; @BenjaminHallFNC reports. https://t.co/Arp5qPrDRf https://t.co/zwEh8UlmZC,67
@FoxNews,0.0,Mar-30-2018 18:01:34,1.0,0.0,0.0,".@KellyannePolls: ""@HillaryClinton is still talking about her and an election that happened a year and a half ago."" https://t.co/vsOwrMHlcI",68
@FoxNews,-0.8979,Mar-30-2018 17:56:06,0.502,0.498,0.0,Utah man accused of killing teen couple and dumping their bodies in abandoned mine shaft https://t.co/b1IsNZktcc,69
@FoxNews,0.1027,Mar-30-2018 17:47:02,0.931,0.0,0.069,"Sheriff Thomas Hodgson: ""We've reached a point in this country - the sheriffs have - where we can't stand by any lo‚Ä¶ https://t.co/rzc1GoXVm5",70
@FoxNews,0.5267,Mar-30-2018 17:34:33,0.815,0.0,0.185,President @realDonaldTrump Answers Boy Seeking Kidney for Father: 'You're a Brave Young Man With a Big Heart' https://t.co/6Dle7laPeH,71
@FoxNews,-0.4767,Mar-30-2018 17:27:51,0.78,0.22,0.0,Footage from McDonald's attack shows woman slamming teen employee into fryer https://t.co/qUiIeT6cDk,72
@FoxNews,0.6808,Mar-30-2018 17:20:17,0.641,0.0,0.359,"Moments ago, @VP Mike Pence issued a message wishing everyone celebrating a #HappyPassover. https://t.co/wuLVKOrMcN",73
@FoxNews,0.0,Mar-30-2018 17:15:01,1.0,0.0,0.0,"On Twitter, @VP Mike Pence commemorated #GoodFriday. https://t.co/B6Kz9r72bA",74
@FoxNews,0.1027,Mar-30-2018 17:12:40,0.714,0.132,0.154,WATCH: Missouri firefighters saved a cat that wasn't moving after a house fire in St. Louis. https://t.co/IFwbDnEPrn,75
@FoxNews,-0.7184,Mar-30-2018 17:12:15,0.667,0.333,0.0,President Bush's spiritual adviser accused of bilking investors in $1 million fraud scheme https://t.co/zoRwXfTUS2,76
@FoxNews,0.4939,Mar-30-2018 16:58:45,0.814,0.0,0.186,"On @OutnumberedFNC, @davidwebbshow praised President @realDonaldTrump's renewed calls for a wall on the nation's so‚Ä¶ https://t.co/L105BrgGL8",77
@FoxNews,0.0,Mar-30-2018 16:57:07,1.0,0.0,0.0,U.S. Customs and Border Protection Acting Deputy Commissioner Ronald D. Vitello provides an update on border wall c‚Ä¶ https://t.co/xiNJ38AFPX,78
@FoxNews,0.0,Mar-30-2018 16:56:00,1.0,0.0,0.0,".@MelissaAFrancis: ""I am concerned about [@HillaryClinton's] mental health."" #Outnumbered https://t.co/ifHBtxdomy",79
@FoxNews,0.0,Mar-30-2018 16:48:33,1.0,0.0,0.0,".@davidwebbshow: ""[@HillaryClinton's] proposition is that women can't think for themselves."" #Outnumbered https://t.co/dVvHAzai1g",80
@FoxNews,-0.4019,Mar-30-2018 16:47:06,0.748,0.252,0.0,Under Armour: 150 million MyFitnessPal accounts were hacked https://t.co/RVgdieUSTM,81
@FoxNews,0.0,Mar-30-2018 16:37:53,1.0,0.0,0.0,".@JessicaTarlov: ""With Jeff Sessions having recused himself from the Russia investigation, which I know aggravates‚Ä¶ https://t.co/qO9exfurzP",82
@FoxNews,0.0,Mar-30-2018 16:33:59,1.0,0.0,0.0,"Nearly 300,000 VW diesels are sitting in lots across the U.S. https://t.co/LUKtjFCenW",83
@FoxNews,0.3612,Mar-30-2018 16:22:48,0.865,0.0,0.135,".@LisaMarieBoothe: ""I don't know what changed from 2006 when you had people like Sen. Dianne Feinstein,‚Ä¶ https://t.co/RYAqrflX6s",84
@FoxNews,0.0,Mar-30-2018 16:20:13,1.0,0.0,0.0,".@davidwebbshow: ""Tell me a case where a wall doesn't work where it's needed. You can't."" #Outnumbered https://t.co/gUn1QikwOr",85
@FoxNews,0.0,Mar-30-2018 16:16:40,1.0,0.0,0.0,".@POTUS, yesterday: ""We spend billions of dollars in other countries maintaining their borders and we can't maintai‚Ä¶ https://t.co/aicqqdYdUb",86
@FoxNews,0.34,Mar-30-2018 16:10:56,0.833,0.0,0.167,".@LisaMarieBoothe: ""All we've been hearing about is: '@POTUS needs to get tougher on Russia, tougher on Russia.' An‚Ä¶ https://t.co/9rK5tKWqUB",87
@FoxNews,0.1779,Mar-30-2018 16:10:25,0.576,0.187,0.237,Pilot kisses ground after emergency landing in Florida https://t.co/YvYHKYRUio https://t.co/Y7sSRxmtko,88
@FoxNews,0.5413,Mar-30-2018 16:05:19,0.71,0.0,0.29,".@davidwebbshow: ""Russia's really playing a game of trying to play the victim."" #Outnumbered https://t.co/n5pqoDYzWh",89
@FoxNews,0.4588,Mar-30-2018 15:58:45,0.714,0.0,0.286,"RT @FoxBusiness: .@McDonalds expands worker tuition benefits, citing tax law https://t.co/RXbVuYIdxI https://t.co/UQ9EKbW10y",90
@FoxNews,-0.3818,Mar-30-2018 15:53:28,0.729,0.271,0.0,Arnold Schwarzenegger reportedly undergoes emergency heart surgery https://t.co/w9PBVeHdWv,91
@FoxNews,-0.1779,Mar-30-2018 15:48:07,0.462,0.287,0.251,Leaked Facebook 'ugly truth' memo about the social network‚Äôs growth sparks controversy https://t.co/eaY6BuYX84,92
@FoxNews,-0.296,Mar-30-2018 15:41:07,0.804,0.196,0.0,.@HillaryClinton: No one tells a man to go away. https://t.co/VGn9BcoKnF https://t.co/TBQJ0OU0T8,93
@FoxNews,0.3724,Mar-30-2018 15:37:25,0.825,0.0,0.175,OPINION: Marc Thiessen: There is nothing wrong with a census question about citizenship https://t.co/mtKiIgluMh,94
@FoxNews,-0.128,Mar-30-2018 15:33:43,0.927,0.073,0.0,".@kayleighmcenany: ""[@POTUS] blew past the mainstream media and used this very open forum... to tout what he has do‚Ä¶ https://t.co/hHoQPXymeA",95
@FoxNews,0.3252,Mar-30-2018 15:19:38,0.811,0.0,0.189,"Noor Salman, widow of Pulse nightclub gunman, found not guilty https://t.co/zr7BoM8AGp",96
@FoxNews,0.0,Mar-30-2018 15:09:00,1.0,0.0,0.0,".@newtgingrich: ""Once in a while, Hollywood will make a movie that appeals to middle America that'll do amazingly w‚Ä¶ https://t.co/wKtalEfAQC",97
@FoxNews,0.0,Mar-30-2018 15:01:29,1.0,0.0,0.0,"'Satan 2' nuclear missile again test-launched by Russia, as Putin brags of 'invulnerable' arsenal https://t.co/dHdOQQt6em",98
@FoxNews,0.0,Mar-30-2018 14:57:16,1.0,0.0,0.0,"RT @FoxNewsResearch: ""Roseanne"" Reboot ‚Üí
‚Ä¢Averaged 18.4 million viewers
‚Ä¢8th most-watched non-sports telecast on network TV over the past y‚Ä¶",99
@FoxNews,-0.5574,Mar-30-2018 14:57:13,0.769,0.231,0.0,".@TuckerCarlson: The Left Sees Illegal Immigrants Voting as a Way to Obtain Power
https://t.co/7AJCGPvXBg",100
